chat_id,user_id,warnings,muted,banned,messages
-1002116123455,6840837015,0,0,0,1622
-1002116123455,6669082553,0,0,0,6
-1002116123455,7459524473,0,0,0,210
-1002133458993,6580476387,0,0,0,21
-1002133458993,6595853224,0,0,0,6
-1002116123455,7084938423,0,0,0,8225
-1002116123455,6737665903,0,0,0,20
-1002133458993,7090418843,0,0,0,2
-1002116123455,7049134379,0,0,1,45
-1001949395702,6840837015,0,0,0,175
-1002133458993,7049134379,0,0,0,67
-1002133458993,482274468,0,0,0,29
-1002133458993,6296712929,0,0,0,34
-1002133458993,6482406745,0,0,0,11
-1002116123455,5077809165,2,0,0,654
-1002116123455,6827189027,0,0,0,5
-1002116123455,6902345281,3,1,0,1184
-1002116123455,6795269965,0,0,0,897
-1002116123455,1279044203,0,0,0,1104
-1002116123455,7154626474,0,0,0,54
-1002116123455,5807988164,0,0,1,2
-1002116123455,5058616702,1,0,0,10
-1002116123455,5513713714,0,0,0,29
-1002116123455,7209275449,0,0,0,20
-1002116123455,724158826,0,0,0,1
-1002116123455,608776633,0,0,0,3
-1002116123455,6221444659,0,0,0,37
-1002116123455,6555512813,0,0,0,93
-1002116123455,6635685012,0,0,0,55
-1002116123455,6937814988,0,0,0,1
-1002116123455,5414198753,0,0,0,5
-1002116123455,1661009357,0,0,0,4
-1002116123455,6293030705,0,0,0,12
-1002116123455,6786933015,0,0,0,79
-1002116123455,1281784547,2,0,0,65
-1002116123455,6472568845,0,0,0,5
-1002116123455,7239606342,0,0,0,88
-1002116123455,6357225929,0,0,0,32
-1002116123455,6524774504,0,0,0,2
-1002116123455,6029501990,1,1,0,159
-1002116123455,7217147479,0,0,0,36
-1002116123455,6229905688,0,0,0,2
-1002116123455,6921720264,0,0,0,100
-1002116123455,6820009301,0,0,0,10
-1002116123455,6815140674,0,0,0,19
-1002116123455,6632876853,0,0,0,41
-1002116123455,2028122269,0,0,0,14
-1002116123455,1712434490,0,0,0,9
-1002116123455,1039082894,1,0,1,16
-1001949395702,6140393551,2,7,0,49
-1002116123455,6997554901,0,0,0,3
-1002116123455,1663114819,0,0,0,432
-1002116123455,6882937078,0,0,1,2
-1002116123455,6373759004,0,0,0,126
-1002116123455,5224796448,0,1,0,1524
-1002116123455,1887802147,1,0,0,25
-1002116123455,6907963788,0,0,0,2
-1002133458993,741296866,0,0,0,9
-1002116123455,5647668926,0,0,0,18
-1002116123455,5442307338,0,0,0,7
-1002116123455,6482406745,0,0,0,6
-1002116123455,5563532998,0,0,0,16
-1002116123455,5600195100,0,0,0,1
-1002116123455,1149511962,0,0,0,2
-1002133458993,6950782369,0,0,0,10
-1002116123455,5971291613,0,0,0,86
-1002116123455,7111979210,0,0,0,1
-1002116123455,6941246437,0,0,0,134
-1002116123455,6742898435,0,0,0,17
-1002133458993,910037692,0,0,0,22
-1002116123455,912621944,0,0,0,103
-1002116123455,6394970683,0,0,0,31
-1002116123455,1305780406,0,0,0,109
-1002116123455,5606007118,0,0,1,34
-1002116123455,6621860024,0,0,0,1101
-1002116123455,6100457604,0,0,0,4
-1002116123455,5944895673,0,0,0,2
-1002116123455,1049420311,1,0,0,134
-1002116123455,6482557006,0,0,0,3991
-1002116123455,6352412215,3,1,0,278
-1002116123455,5272599902,0,0,0,11
-1002116123455,6651268869,0,0,0,13
-1002116123455,6100038906,0,0,0,42
-1002116123455,6411893417,0,0,0,1
-1002116123455,6608475795,0,0,0,22
-1002116123455,5388623051,0,0,0,81
-1002116123455,6824343109,0,0,0,155
-1002116123455,5881422973,0,0,0,3
-1002116123455,6634476697,0,0,0,3397
-1002116123455,741296866,0,0,0,78
-1002116123455,5864816694,0,0,0,43
-1002116123455,5145081499,0,0,0,1
-1002116123455,1483767887,0,0,0,34
-1002116123455,6502115781,0,0,0,1
-1002116123455,7340590766,0,0,1,3
-1002116123455,7449256857,0,0,0,79
-1002116123455,789445971,0,0,0,5
-1002116123455,7370987880,0,0,0,22
-1002116123455,5804568897,0,0,0,17
-1002116123455,7105519979,0,0,0,72
-1002116123455,6183266295,0,0,0,5
-1002116123455,5900498019,0,0,0,5
-1002116123455,1733320939,0,0,0,12
-1002116123455,7146066563,1,0,0,15
-1002116123455,1106425360,0,0,0,9
-1002116123455,7483005266,0,0,0,190
-1002116123455,6867224290,0,0,1,32
-1001352716058,6840837015,0,0,0,1
-1002116123455,7347855513,0,0,0,109
-1002116123455,2143033607,0,0,0,49
-1002116123455,7403807442,0,0,0,36
-1002116123455,6062122769,0,0,0,121
-1002133458993,6840837015,0,0,0,22
-1002116123455,6703425830,0,0,0,3
-1002116123455,7398107778,0,0,0,22
-1002116123455,7305310745,0,0,0,1
-1002116123455,7473026049,1,0,0,3
-1002133458993,7084938423,0,0,0,50
-1002116123455,7410745650,0,0,0,14
-1002116123455,5999089711,0,0,0,4
-1002116123455,1398600688,0,0,0,3036
-1002116123455,5104583352,0,0,2,2
-1002116123455,957972844,0,0,0,13
-1001658426127,6719041971,0,0,0,1
-1001658426127,752107197,0,0,0,491
-1002116123455,6444389886,0,0,0,16
-1001658426127,7145900078,0,0,0,90
-1002116123455,7179680477,0,0,0,9
-1002116123455,7286003561,0,0,1,3
-1002116123455,6792385747,3,1,0,421
-1002116123455,6707084480,0,0,0,12
-1002116123455,1403346589,0,0,0,657
-1001658426127,6050916727,0,0,0,19
-1002116123455,5141739714,0,0,1,22
-1001658426127,6636356390,0,0,0,36
-1002116123455,1012966164,0,0,0,1
-1002116123455,6983160961,0,0,0,31
-1002116123455,55860980,0,0,0,118
-1001924915787,55860980,0,0,0,89
-1002116123455,5518658845,0,0,0,73
-1001924915787,7429626501,0,0,0,1666
-1001924915787,1049772687,1,0,0,66
-1001924915787,6068040071,0,0,0,132
-1001658426127,5087275500,0,0,0,6
-1001924915787,7449489973,0,0,0,24
-1001924915787,5361221770,0,0,0,109
-1001924915787,6688399383,0,0,0,13
-1002133458993,7316895578,0,0,0,1
-1002133458993,1459748043,0,0,0,1
-1001924915787,6223863520,0,0,0,4
-1001924915787,5974382592,0,0,0,12
-1002133458993,6525078851,0,0,0,5
-1001924915787,6669122052,0,0,0,2303
-1002116123455,5298924735,0,0,0,3
-1002116123455,6191021700,0,0,0,11
-1001924915787,5197316042,0,0,0,404
-1001924915787,7420952968,0,0,0,108
-1001924915787,6554023271,0,0,0,2308
-1002116123455,6688919732,3,1,1,23
-1001658426127,5197316042,0,0,0,12
-1001658426127,7133720209,0,0,0,3
-1001924915787,952313526,0,0,0,13
-1002116123455,983239172,0,0,1,274
-1001924915787,835447982,0,0,0,71
-1001658426127,6224670135,0,0,0,1
-1002116123455,6149590908,0,0,0,82
-1002116123455,1915501107,0,0,0,6
-1002116123455,6802887278,0,0,0,88
-1002116123455,6300472759,0,0,0,15
-1001924915787,6455165216,0,0,0,73
-1002116123455,7121204599,0,0,0,45
-1001924915787,5194725518,0,0,0,38
-1001924915787,5891797784,0,0,0,5
-1001924915787,6865077399,0,0,0,626
-1002116123455,6649939935,0,0,0,2
-1002116123455,5766906498,0,0,0,22
-1001924915787,6542739691,0,0,0,53
-1002195620377,7378091693,1,0,0,39
-1002195620377,6843915926,0,0,0,445
-1002116123455,6048480076,0,0,0,9
-1002116123455,5778734076,0,0,0,27
-1002116123455,5750049619,0,0,0,44
-1001924915787,7378091693,0,0,0,23
-1001658426127,5006607231,0,0,0,1
-1001658426127,1331708360,0,0,0,187
-1001924915787,7496091509,0,0,0,354
-1001924915787,1344497552,0,0,0,5
-1002116123455,7100671872,0,0,0,2
-1001924915787,6349059180,0,0,0,38
-1002116123455,6270054545,0,0,0,10
-1002116123455,7476082110,0,0,1,9
-1001924915787,6811090765,0,0,0,3
-1001924915787,7154626474,0,0,0,8
-1001658426127,7355778353,0,0,0,664
-1002116123455,6631209316,0,0,0,13
-1001924915787,7401817812,1,0,0,12
-1002116123455,6349059180,0,0,0,11
-1001658426127,1398600688,0,0,0,59
-1002116123455,7138252909,1,0,0,11
-1001924915787,6346856393,0,0,0,88
-1001924915787,5416126972,0,0,0,17
-1002116123455,6335652515,0,0,0,60
-1002116123455,370924244,4,2,0,57
-1001924915787,6850036501,0,0,0,43
-1001924915787,7400657906,1,0,0,16
-1002116123455,630607395,0,0,0,4
-1002133458993,7082109055,0,0,0,4
-1002133458993,6593760338,0,0,0,3
-1002116123455,5731124873,0,0,0,327
-1001658426127,6277821758,0,0,0,2
-1002116123455,5803041412,0,1,0,71
-1002116123455,6481339861,0,0,0,1
-1001658426127,515601676,0,0,0,2
-1002116123455,6420350122,0,0,0,2
-1002116123455,7504440872,0,0,0,103
-1002195620377,6962808309,0,0,0,19
-1002195620377,7136928861,0,0,0,2
-1002116123455,5562796546,1,1,0,88
-1002116123455,6636462670,0,0,0,9
-1001658426127,7207355590,0,0,0,1
-1002116123455,5888652894,0,0,0,34
-1001924915787,1834724954,0,0,0,27
-1002116123455,7312532771,0,0,0,53
-1002116123455,1201026456,0,0,0,1
-1001924915787,7361629809,0,0,0,8
-1002116123455,7199199297,0,1,0,7
-1001658426127,6400940838,0,0,0,15
-1002133458993,5815178742,0,0,0,13
-1002133458993,6036274202,0,0,0,13
-1002116123455,7108936341,0,0,1,1
-1002116123455,6013534249,0,0,0,12
-1002116123455,5753140567,0,0,0,47
-1001658426127,7084938423,0,0,0,60
-1002133458993,6414819761,0,0,0,1
-1002133458993,6632876853,0,0,0,3
-1001924915787,7204516481,0,0,0,11
-1001924915787,6840837015,0,0,0,24
-1002116123455,7186329054,0,0,0,1
-1001658426127,796901494,0,0,0,3
-1002116123455,6712465995,0,0,0,4
-1001658426127,6880374714,0,0,0,3
-1001924915787,5991496986,0,0,0,202
-1002116123455,7031171068,0,0,0,1
-1001658426127,6811090765,0,0,0,112
-1002195620377,6419107905,0,0,0,10
-1001924915787,6068972748,0,0,0,6
-1002116123455,5587096641,0,0,0,5
-1002116123455,6405623161,0,0,0,1
-1001658426127,1973252879,0,0,0,7
-1001924915787,1774727408,0,0,0,1
-1002133458993,7399768571,0,0,0,1
-1002116123455,7179757953,0,0,0,8
-1001658426127,5731032842,0,0,0,2
-1002133458993,6191021700,0,0,0,7
-1001924915787,1802068983,0,0,0,1202
-1001658426127,6432882049,0,0,0,116
-1001924915787,6949608932,0,0,0,2
-1001658426127,6971860388,0,0,0,48
-1001924915787,7351444128,0,0,0,2
-1002116123455,7448397875,0,0,0,10
-1001924915787,1836311404,0,0,0,2
-1001658426127,7175462797,0,0,0,148
-1001924915787,5480219782,0,0,0,4
-1002116123455,6696548125,0,0,0,2
-1001924915787,7197000357,0,0,0,56
-1002133458993,6990843027,0,0,0,11
-1001658426127,1656059780,0,0,0,2
-1002116123455,7124784876,0,0,0,8
-1001924915787,5830365971,0,0,0,144
-1001658426127,5813978921,0,0,0,63
-1002116123455,1904574112,0,0,0,72
-1002116123455,7108803516,0,0,0,1
-1002116123455,7427731004,0,0,0,1
-1002195620377,7385146758,0,0,0,3
-1002116123455,7145018820,0,0,0,36
-1002195620377,6056240247,0,0,0,77
-1002116123455,6646521912,0,0,0,89
-1001924915787,6960288503,0,0,0,2
-1001658426127,1489806225,0,0,0,2
-1001658426127,1892392692,0,0,0,17
-1001658426127,5465103254,0,0,0,1
-1001924915787,7013225010,0,0,0,1
-1002133458993,6042193667,0,0,0,4
-1001924915787,6925436249,0,0,0,18
-1001924915787,7398922085,0,0,0,32
-1002116123455,6835402051,0,0,0,3
-1002116123455,6578538359,0,0,0,116
-1002116123455,6580476387,0,0,0,6
-1001924915787,6712910259,0,0,0,111
-1002116123455,1622500252,0,1,0,72
-1001924915787,5728913458,0,0,0,4
-1001924915787,7084938423,0,0,0,68
-1001924915787,6035655809,2,0,0,132
-1002116123455,6396637807,0,0,1,17
-1001924915787,6737044456,0,0,0,162
-1002116123455,7485033967,1,2,0,18
-1001924915787,6961564090,0,0,0,7
-1001924915787,5764346739,0,0,0,4
-1001924915787,5470908023,0,0,0,172
-1002133458993,5141739714,0,0,0,5
-1002116123455,5738451121,0,0,0,8
-1001924915787,5437234427,1,0,0,1290
-1002116123455,6791328490,0,0,0,2
-1002116123455,7206699035,0,0,0,10
-1002116123455,502414814,0,0,0,1
-1001924915787,7537819927,0,0,0,203
-1001658426127,6669122052,0,0,0,115
-1002195620377,6243984679,0,0,0,13
-1002116123455,6452512192,1,0,0,10
-1002116123455,1039412684,0,0,0,1
-1001658426127,1573785653,0,0,0,1
-1002116123455,6932986763,0,0,0,2
-1001924915787,6802857350,0,0,0,34
-1001924915787,5782511589,0,0,0,1
-1001924915787,7368956641,0,0,0,13
-1001924915787,5987542385,0,0,0,7
-1001924915787,1727955677,0,0,0,4
-1001924915787,6247563361,0,0,0,2
-1001924915787,1003184396,0,0,0,16
-1001924915787,6042193667,0,0,0,3
-1001924915787,5840221451,0,0,0,1
-1001924915787,6701576765,0,0,0,367
-1002116123455,5460492901,0,0,0,2
-1001924915787,1336882666,0,0,0,1
-1001658426127,6396142499,0,0,0,2
-1002116123455,7465787055,0,0,0,1
-1001924915787,906532635,0,0,0,5
-1001924915787,1087919150,0,0,0,3
-1002116123455,770216408,0,0,0,4
-1001924915787,6588077624,0,0,0,75
-1002116123455,7422093612,0,0,0,1
-1001924915787,1956943018,0,0,0,2
-1002116123455,6320066493,0,0,0,9
-1002116123455,7538620936,0,0,0,4
-1002195620377,6258494972,0,0,0,1
-1002116123455,5254962992,0,0,0,2
-1001924915787,310291093,0,0,0,1
-1001658426127,7187215790,0,0,0,3
-1001924915787,5279887001,0,0,0,492
-1002195620377,6451268790,0,0,0,15
-1002116123455,6779736225,0,0,0,5
-1001924915787,5065561669,0,0,0,5
-1002116123455,5565212095,0,0,0,14
-1001924915787,6778940088,0,0,0,37
-1002116123455,5604624930,0,0,0,2
-1002116123455,5241152616,0,0,0,1
-1002116123455,5756289736,0,0,0,24
-1002195620377,6568218223,1,0,0,964
-1002195620377,1642999979,0,0,0,1
-1001924915787,6563663261,0,0,0,7
-1002116123455,7295018176,0,0,0,1
-1001924915787,6651241943,0,0,0,4
-1001924915787,7105519979,0,0,0,119
-1002116123455,5454071199,0,0,0,2
-1001924915787,5134671692,0,0,0,5
-1001924915787,1998775442,0,0,0,358
-1001658426127,7039342613,0,0,0,13
-1002195620377,7398922085,0,0,0,38
-1002195620377,7368956641,0,0,0,9
-1002195620377,6795165148,0,0,0,6
-1001658426127,7144306307,0,0,0,1
-1002116123455,5715006819,0,0,0,30
-1002116123455,5991747574,0,0,0,76
-1002116123455,5923053191,0,0,0,18
-1002116123455,6059848004,0,0,1,621
-1001658426127,629468677,0,0,0,11
-1001658426127,1990898864,0,0,0,17
-1002116123455,6900690333,0,0,0,1
-1001658426127,5601038262,0,0,0,13
-1001658426127,6253783574,0,0,0,2
-1002116123455,5748635209,0,0,0,1
-1001658426127,7488110046,0,0,0,2
-1001924915787,6438818927,0,0,0,7
-1001658426127,6838420587,0,0,0,4
-1001658426127,6567275346,0,0,0,31
-1002116123455,5706679761,0,0,0,22
-1001658426127,1608428708,0,0,0,3
-1002116123455,7450868990,0,0,0,61
-1002116123455,1188326370,1,0,0,24
-1001658426127,1102166735,0,0,0,3
-1001924915787,5991703764,0,0,0,25
-1002116123455,1288831497,0,0,0,3
-1002116123455,6039126892,0,0,0,1
-1001924915787,5666445443,0,0,0,26
-1001924915787,6587182457,0,0,0,1
-1002116123455,6157292850,0,0,0,1
-1001658426127,6459523799,0,0,0,31
-1001924915787,5452340075,2,0,0,38
-1001658426127,1746669275,0,0,0,1
-1002116123455,6832016891,0,0,0,44
-1001924915787,6681445819,0,0,0,18
-1001658426127,6102332188,0,0,0,20
-1001924915787,6682453208,0,0,0,30
-1001924915787,1971531021,0,0,0,2
-1001924915787,5698749224,0,0,0,9
-1002195620377,5417374639,0,0,0,27
-1002116123455,6554023271,0,0,0,31
-1001924915787,6177869085,0,0,0,37
-1001924915787,6290791835,0,0,0,63
-1001924915787,6979050101,0,0,0,54
-1001924915787,505657416,0,0,0,15
-1002116123455,7038731182,0,0,0,56
-1001924915787,7132498839,0,0,0,37
-1001658426127,5625057821,0,0,0,1
-1001924915787,5661825430,0,0,0,14
-1002116123455,5509416137,0,0,0,21
-1002116123455,6377608526,0,0,0,1
-1002116123455,6082848312,0,0,0,52
-1001924915787,6059348756,0,0,0,32
-1001924915787,5800529923,0,0,0,1
-1002116123455,6717869383,0,0,0,55
-1002116123455,6209082293,0,0,0,12
-1001924915787,6418536166,0,0,0,61
-1001658426127,6504807884,0,0,0,1
-1001658426127,518449755,0,0,0,5
-1001924915787,5613728817,0,0,0,61
-1001924915787,6041888802,0,0,0,69
-1002116123455,5865413204,0,0,0,33
-1001658426127,5998086762,0,0,0,4
-1001924915787,884724277,0,0,0,5
-1001924915787,7064900025,0,0,0,263
-1002116123455,1651549216,0,0,0,8
-1001658426127,833955828,1,0,0,205
-1001658426127,7495158247,0,0,0,4
-1001924915787,6580795982,0,0,0,6
-1002116123455,1869890518,0,0,0,1
-1001924915787,1785356266,0,0,0,1
-1001658426127,821675439,0,0,0,1
-1001924915787,6351640911,0,0,0,1
-1001924915787,2041397946,0,0,0,1
-1001924915787,6710311663,0,0,0,3
-1001924915787,1263730922,0,0,0,6
-1002195620377,7496091509,0,0,0,65
-1001924915787,811735848,0,0,0,1
-1002116123455,7401817812,0,0,0,4
-1001658426127,6567821635,1,0,0,76
-1002116123455,5314499573,0,0,0,6
-1001924915787,1901097170,0,0,0,1
-1002116123455,5985162778,0,0,0,7
-1001924915787,6481496344,0,0,0,6
-1001924915787,7138946022,0,0,0,4
-1001924915787,6486408882,0,0,0,1
-1001658426127,5491743179,0,0,0,17
-1002116123455,7456997117,0,0,0,3
-1002116123455,5884162271,2,0,0,14
-1001924915787,5954747009,0,0,0,24
-1001924915787,5033921859,0,0,0,21
-1001924915787,5119916072,0,0,0,4
-1002116123455,6523518316,0,0,0,2
-1002116123455,2005616060,0,0,0,1
-1001924915787,5690070228,0,0,0,2
-1001924915787,7192833404,0,0,0,9
-1001924915787,7273901237,0,0,0,6
-1001658426127,7462346886,0,0,0,59
-1001658426127,6594404801,0,0,0,6
-1001924915787,6600442451,0,0,0,2
-1001924915787,5816836213,0,0,0,1
-1002116123455,7208456955,0,0,0,1661
-1002116123455,7499206507,0,0,0,55
-1002116123455,7176058806,0,0,0,281
-1002116123455,6216372563,0,0,0,84
-1002116123455,5525010146,0,0,0,3
-1002116123455,2070615469,0,0,0,51
-1001658426127,5363415774,0,0,0,1
-1002116123455,7074482269,0,0,0,3
-1001924915787,5999973058,0,0,0,9
-1001924915787,7397407041,0,0,0,2
-1001658426127,6186424072,0,0,0,2
-1001658426127,7111168255,0,0,0,6
-1001924915787,5321125784,0,0,0,15
-1002116123455,7398927393,0,0,0,10
-1001658426127,7035462042,0,0,0,1
-1001924915787,7136928861,0,0,0,11
-1001924915787,330090400,0,0,0,10
-1001658426127,5315097214,0,0,0,4
-1001924915787,5694933153,0,0,0,20
-1002195620377,1494467718,0,1,0,35
-1001924915787,7476213907,0,0,0,2
-1002195620377,5452340075,0,3,0,22
-1002195620377,6429212478,0,0,0,2
-1002116123455,1543743807,0,0,1,21
-1002195620377,1834724954,0,0,0,41
-1001924915787,7172215167,0,0,0,6
-1002116123455,7519793095,0,0,0,1
-1002116123455,7223105366,0,0,0,224
-1001924915787,6997774509,0,0,0,13
-1001658426127,1462051041,0,0,0,1
-1002195620377,7514582678,0,0,0,1
-1002116123455,5438128640,0,0,0,1
-1001924915787,6824081872,0,0,0,1
-1001924915787,7481347530,0,0,0,3
-1002116123455,1606601367,0,0,0,7
-1002195620377,5017534897,0,1,0,0
-1002195620377,6554023271,0,0,0,146
-1002195620377,7098171337,0,0,0,10
-1002116123455,1845620704,1,0,0,8
-1001658426127,6604221381,0,0,0,1
-1001658426127,922918109,0,0,0,1
-1002195620377,5340509497,0,0,0,39
-1001658426127,6642362238,0,0,0,2
-1002116123455,842572592,0,0,1,0
-1002116123455,42861540,0,0,0,7
-1001658426127,1742261236,0,0,0,1
-1002116123455,5363350075,0,0,0,10
-1001924915787,703871265,0,0,0,5
-1002195620377,7332915781,0,0,0,19
-1002195620377,6015601615,0,0,0,17
-1002195620377,5834177215,0,0,0,13
-1002195620377,1243545422,0,0,0,83
-1002116123455,5531964305,0,0,0,1
-1002116123455,7535230272,0,0,0,12
-1002195620377,6907648697,0,0,0,15
-1002116123455,5764168404,0,0,0,6
-1002195620377,1099875481,0,0,0,1
-1002195620377,7234398718,0,0,0,3
-1002195620377,7528806674,0,0,0,4
-1001924915787,6994338404,0,0,0,13
-1002116123455,708205023,0,0,0,6
-1001658426127,953250079,0,0,0,9
-1002116123455,5106153515,0,0,0,2
-1002116123455,6764498367,0,0,0,17
-1002195620377,1323428181,0,0,0,232
-1002116123455,7443003334,0,0,0,1
-1001924915787,7401916709,0,0,0,5
-1001658426127,5768216345,0,0,0,2
-1001924915787,2097945055,0,0,0,39
-1002116123455,150651628,1,0,0,2
-1001658426127,6019584772,0,0,0,28
-1002116123455,6500002228,0,0,0,8
-1002116123455,2142345255,0,0,0,61
-1001656143417,6902345281,0,0,0,10
-1001656143417,6324019799,0,0,0,1
-1002116123455,7417653820,0,0,0,1
-1001656143417,6603827475,0,0,0,1
-1002116123455,5622816851,0,0,0,70
-1001924915787,1807006910,0,0,0,1
-1001658426127,6711070620,0,0,0,6
-1001658426127,5301111655,0,0,0,31
-1001658426127,6045848980,0,0,0,3
-1001924915787,6420976490,1,0,0,6
-1001924915787,123330318,0,0,0,2
-1001658426127,5096479314,0,0,0,1
-1002195620377,6494016270,0,0,0,57
-1002195620377,6587702959,0,0,0,36
-1001924915787,5548906562,0,0,0,2
-1001924915787,460438392,0,0,0,6
-1002195620377,6961564090,0,0,0,2
-1002116123455,6464758953,0,0,0,2
-1002195620377,7406448288,0,1,0,162
-1002116123455,5903283803,0,0,0,17
-1002195620377,621553777,0,0,0,55
-1001658426127,6730581178,0,0,0,8
-1001658426127,6686358147,0,0,0,32
-1001924915787,5500471591,0,0,0,6
-1002116123455,1980472013,0,0,0,2
-1002116123455,7451527521,0,0,0,4
-1002116123455,7111598514,2,0,0,38
-1002195620377,5842032945,0,0,0,4
-1002116123455,1434033911,0,0,0,73
-1002195620377,6663306941,0,0,0,38
-1002116123455,7430709590,0,1,0,49
-1001658426127,1013519671,0,0,0,1
-1002195620377,1960140041,0,0,0,65
-1002116123455,5421537932,0,0,0,6
-1002056199659,5971291613,0,0,0,7
-1002195620377,6987541909,0,0,0,59
-1001924915787,6905970270,0,0,0,60
-1002195620377,7096434025,0,0,0,35
-1002056199659,7505740359,0,0,0,15
-1001924915787,5509131145,0,0,0,3
-1001924915787,7265185614,0,0,0,44
-1002116123455,7452412882,0,0,0,2
-1001658426127,898982990,0,0,0,2
-1002195620377,6074130176,0,0,0,20
-1002116123455,7462446242,0,0,0,2
-1001658426127,7292187562,0,0,0,1
-1001924915787,507349261,0,0,0,38
-1002195620377,5797941265,0,0,0,52
-1002116123455,7206268934,1,0,0,83
-1001924915787,6183266295,1,0,0,21
-1001924915787,6209897891,0,0,0,4
-1002195620377,2143326361,0,0,0,50
-1002116123455,6435672508,1,0,0,211
-1002116123455,6382204697,1,0,0,100
-1001924915787,6038279779,0,0,0,3
-1001658426127,1962663618,0,0,0,2
-1001924915787,7146066563,1,0,0,49
-1002195620377,5672097714,0,0,0,111
-1001658426127,7447734800,0,0,0,2
-1002116123455,874139231,0,0,0,6
-1001658426127,5617899831,0,0,0,3
-1001658426127,6575135561,0,0,0,22
-1001658426127,6976723397,0,0,0,2
-1001924915787,7117627464,0,0,0,27
-1001658426127,1188783378,0,0,0,3
-1002116123455,6281821756,0,0,0,102
-1002116123455,7070819456,0,0,0,11
-1002116123455,1409015624,0,0,0,2
-1001352716058,6140393551,0,0,0,1
-1001924915787,1087968824,1,0,0,632
-1001658426127,777000,0,0,0,358
-1002195620377,1087968824,0,0,0,3
-1001924915787,136817688,0,0,0,369
-1002116123455,1087968824,0,0,0,82
-1002116123455,6895376181,1,0,0,14
-1001924915787,5074621941,0,0,0,1150
-1001924915787,772326452,0,0,0,18
-1002116123455,6844224539,0,0,0,4
-1001924915787,7028123166,0,0,0,20
-1001658426127,5737573148,0,0,0,1
-1001924915787,6920914684,0,0,0,96
-1002195620377,6248776595,0,0,0,2
-1002116123455,7127845766,1,0,0,330
-1001924915787,1494467718,0,0,0,3
-1002116123455,5645115756,0,0,0,8
-1001924915787,6658392210,0,0,0,5
-1002116123455,7178633476,0,0,0,11
-1001658426127,1087968824,0,0,0,30
-1002116123455,5805179417,0,0,0,7
-1002116123455,5957892802,0,0,0,4
-1001658426127,1039226684,0,0,0,1
-1001924915787,7398500096,0,0,0,3
-1001924915787,7101537388,0,0,0,13
-1002116123455,7262065635,0,0,0,40
-1001658426127,2094698913,0,0,0,2
-1002116123455,6458187227,0,7,0,504
-1002116123455,6743424990,0,0,0,15
-1002056199659,6482557006,0,0,0,56
-1001924915787,1409547091,0,0,0,5
-1002116123455,6043672461,0,0,0,7
-1002116123455,6776447038,0,0,0,35
-1001924915787,5910887120,0,0,0,31
-1002116123455,7345605678,0,0,0,1
-1002116123455,6265156893,0,0,0,8
-1001658426127,6216359477,0,0,0,9
-1002195620377,5630910794,0,0,0,3
-1001658426127,6323209111,0,0,0,7
-1001658426127,6000445827,0,0,0,129
-1002116123455,6806418413,0,0,0,14
-1001924915787,6191021700,0,0,0,5
-1002116123455,2025435317,0,0,0,50
-1001658426127,6028759173,1,0,0,8
-1001658426127,7347047050,0,0,0,5
-1002116123455,5128979641,0,0,0,1
-1001658426127,5074621941,0,0,0,12
-1002116123455,6506657850,0,0,1,6
-1002195620377,6728772473,0,0,0,3
-1002116123455,5966639872,0,0,0,12
-1001658426127,6840837015,0,0,0,12
-1002116123455,5218632475,0,0,0,10
-1002116123455,6354996911,0,0,0,1
-1001658426127,6920914684,0,0,0,33
-1001658426127,5230705190,0,0,0,38
-1001658426127,136817688,0,0,0,9
-1002116123455,6701576765,0,0,0,9
-1001924915787,7384494327,0,0,0,6
-1002116123455,5948899915,0,0,2,22
-1002116123455,6625813260,0,0,0,1
-1002195620377,7243565754,0,0,0,11
-1001924915787,6823680329,0,0,0,2
-1001658426127,7136381341,0,0,0,1
-1001658426127,714743624,0,0,0,1
-1001658426127,6538048429,0,0,0,1
-1001658426127,6799925483,0,0,0,1
-1001658426127,6371747584,0,0,0,1
-1001658426127,5922799290,0,0,0,3
-1001658426127,7398003692,0,0,0,1
-1001658426127,6943045092,0,0,0,10
-1001658426127,6616877222,0,0,0,1
-1001658426127,6537416236,0,0,0,2
-1002195620377,7408062094,0,0,0,78
-1001924915787,1050265601,0,0,0,8
-1002195620377,7002253523,0,0,0,30
-1001924915787,5212575969,0,0,0,1
-1002195620377,2024203414,0,0,0,15
-1001924915787,6949963284,0,0,0,1
-1002116123455,6599530044,0,0,0,50
-1001924915787,1885750043,2,0,0,119
-1002116123455,2061389298,0,0,0,1
-1001658426127,6566779910,0,0,0,3
-1002116123455,836593706,0,0,0,9
-1002116123455,7302034850,0,0,0,55
-1001658426127,7019192256,0,0,0,7
-1002116123455,7295714243,0,0,1,10
-1002116123455,6627136380,0,0,0,22
-1001658426127,5474780233,0,0,0,1
-1002116123455,6205318245,0,0,0,1
-1002195620377,6905970270,0,0,0,1
-1001658426127,6116125020,0,0,0,1
-1002116123455,6909714747,0,0,0,1
-1002116123455,6650227022,0,0,0,6
-1001658426127,1004169740,0,0,0,64
-1002116123455,6255099858,0,0,0,7
-1002195620377,5648125668,1,0,0,15
-1001658426127,7236885098,0,0,0,1
-1002116123455,6262551087,0,0,0,8
-1002116123455,5319544706,1,0,0,43
-1001924915787,5354811595,0,0,0,9
-1001924915787,5174229618,0,0,0,3
-1001924915787,1083773192,0,0,0,84
-1001924915787,7348562087,0,0,0,17
-1002116123455,1105651082,0,0,0,8
-1002116123455,5645906770,0,0,0,217
-1001924915787,6383880591,0,0,0,1
-1001924915787,7147303708,0,0,0,14
-1001658426127,6322936584,0,0,0,2
-1001924915787,6993182939,0,0,0,22
-1001658426127,5992086941,0,0,0,21
-1002116123455,5924353181,0,0,0,4
-1002195620377,5398785840,0,0,0,1
-1001924915787,7398996106,0,0,0,16
-1002116123455,268021362,0,0,0,6
-1001658426127,1713582083,0,0,0,1
-1001924915787,861852524,0,0,0,8
-1001658426127,5369271428,0,0,0,2
-1001658426127,5668391627,0,0,0,5
-1002116123455,720274677,1,2,0,105
-1001924915787,777000,0,0,0,178
-1001658426127,5692583713,0,0,0,1
-1001658426127,6434141471,0,0,0,34
-1002195620377,2138130303,0,0,0,30
-1002116123455,1471101147,0,0,0,12
-1002116123455,1582014489,0,1,0,2
-1002116123455,777000,0,0,0,66
-1001924915787,5619330854,0,0,0,2
-1001924915787,6895322436,0,0,0,3
-1002195620377,5929872644,0,0,0,7
-1002116123455,6436326458,0,0,0,16
-1002116123455,5223993585,0,0,0,23
-1001924915787,1379235039,0,0,0,1
-1001658426127,5888407374,0,0,0,2
-1002116123455,986742064,0,0,0,5
-1002116123455,5737747792,0,0,0,15
-1002195620377,5074621941,0,0,0,37
-1002116123455,6620858688,0,0,0,1
-1001924915787,1365154390,0,0,0,1
-1001924915787,7332915781,0,0,0,1
-1002116123455,7261916199,0,0,0,13
-1001924915787,5157985294,0,0,0,1
-1001658426127,6280487536,0,0,0,1
-1001924915787,1816245707,0,0,0,1
-1001924915787,7394866477,0,0,0,1
-1001658426127,7076594262,0,0,0,70
-1002116123455,5874418942,0,0,0,4
-1001924915787,7012242543,0,0,0,246
-1001924915787,1045985577,0,0,0,7
-1001658426127,5811443685,0,0,0,2
-1001924915787,7307402165,0,0,0,1
-1001924915787,6147455071,0,0,0,5
-1001924915787,6084930792,0,0,0,109
-1002116123455,68964613,0,0,0,38
-1001924915787,5750247688,0,0,0,4
-1002116123455,5165609590,0,0,0,48
-1002116123455,5859086846,0,0,0,3
-1002116123455,7519432244,0,0,0,2
-1002056199659,5731124873,0,0,0,103
-1002116123455,5147425884,0,0,0,12
-1001658426127,6410083690,0,0,0,6
-1002116123455,1086860191,0,0,0,17
-1001658426127,6203786166,0,0,0,1
-1001924915787,7026068140,0,0,0,1
-1001924915787,7200196169,0,0,0,2
-1001924915787,7263958560,0,0,0,1
-1001924915787,6724824726,0,0,0,2
-1001924915787,6332906746,0,0,0,4
-1002116123455,6511993583,0,0,1,3
-1001658426127,7520683336,0,0,0,3
-1002116123455,6615936841,0,0,1,0
-1001924915787,6277159510,0,0,0,2
-1002116123455,7505768627,0,0,0,26
-1001924915787,5541307511,0,0,0,1
-1001924915787,6461083818,0,0,0,14
-1001924915787,6735608889,0,0,0,2
-1001924915787,6028050368,0,0,0,14
-1001658426127,7522819195,0,0,0,2
-1001924915787,1398600688,0,0,0,135
-1001924915787,5690155121,0,0,0,3
-1002171171664,6554023271,0,0,0,2218
-1002171171664,136817688,0,0,0,459
-1002171171664,5074621941,0,0,0,897
-1002171171664,6843915926,0,0,0,39
-1001658426127,6491822882,0,0,0,2
5074621941,5074621941,0,0,0,1
-1002116123455,7327609746,0,0,0,1
-1001924915787,7445376215,0,0,0,24
-1002056199659,6517960853,0,0,0,342
-1002171171664,5821858855,0,0,0,2296
-1002171171664,6840837015,0,0,0,123
-1002056199659,6840837015,0,0,0,5
-1002171171664,835447982,0,0,0,995
6669122052,6669122052,0,0,0,1
-1002116123455,7167986566,0,0,0,42
-1002195620377,6469846531,0,0,0,29
-1001658426127,7502281245,0,0,0,2
-1002116123455,2115912257,0,0,0,26
-1002195620377,5819852891,0,0,0,1
-1001924915787,5991231110,0,0,0,48
-1002116123455,7360707639,1,0,0,516
-1002116123455,6264378739,0,0,0,9
-1001924915787,6889897167,0,0,0,26
-1002195620377,1725159661,0,0,0,8
-1001658426127,1608747467,0,0,0,6
-1002171171664,6669122052,0,0,0,827
-1001924915787,1833432819,0,0,0,1
-1001658426127,5285012223,0,0,0,2
-1001924915787,5793252414,0,0,0,1
-1001924915787,6702850688,0,0,0,7
-1002116123455,1886582993,0,0,0,10
-1001924915787,624441515,0,0,0,14
-1002195620377,6324255229,0,0,0,171
-1001658426127,6140529649,0,0,0,3
-1001764886212,1398600688,0,0,0,3
-1001658426127,6268876185,0,0,0,10
-1002195620377,6408786729,0,0,0,10
-1002195620377,6688859063,0,0,0,6
-1002116123455,381765909,0,0,0,1
-1002195620377,5556984127,0,0,0,3
-1002171171664,5418452902,0,0,0,76
-1001658426127,1773409923,0,0,0,1
-1001658426127,1672391080,0,0,0,1
-1001924915787,911038677,0,0,0,1
-1001658426127,5703695456,0,0,0,2
-1001658426127,5639693776,0,0,0,1
-1002171171664,1087968824,0,0,0,569
-1002116123455,5463314453,0,0,0,25
-1001924915787,6791934483,0,0,0,28
-1001658426127,6803426101,0,0,0,37
-1002171171664,777000,0,0,0,332
-1001924915787,5181200311,0,0,0,4
-1002116123455,5999973058,0,0,0,38
-1001658426127,7188044077,0,0,0,2
-1002171171664,1630907507,0,0,0,8
-1002171171664,7429626501,0,0,0,48
-1001658426127,6266838904,0,0,0,2
-1002171171664,5012558089,0,0,0,196
-1002116123455,1836198367,0,0,0,2
-1002195620377,1622500252,0,0,0,7
-1001924915787,7453978749,0,0,0,6
-1002195620377,934905124,0,0,0,7
-1002116123455,2004871629,1,0,0,51
-1001924915787,5382143358,0,0,0,17
-1002116123455,6605203887,0,0,0,4
-1002116123455,5124999999,0,0,0,33
-1001924915787,1459119060,0,0,0,59
-1002116123455,5479549270,0,1,0,16
-1001658426127,7405581048,0,0,0,1
-1002116123455,6916644678,0,0,0,3
-1001764886212,1105370932,0,0,0,4
-1001924915787,1916816963,0,0,0,1
-1001924915787,7385541249,0,0,0,1
-1002116123455,1120797636,0,0,0,20
-1002195620377,6480056125,0,0,0,1
-1002116123455,1573701619,2,0,0,251
-1001764886212,1811631980,0,0,0,1
-1001924915787,6619468919,0,0,0,1
-1002195620377,6828413415,0,0,0,2
-1001924915787,7289075429,0,0,0,10
-1002116123455,1289267366,0,0,0,1
-1002116123455,1403477916,0,0,0,8
-1001658426127,5023975016,0,0,0,1
-1001658426127,6692911774,0,0,0,11
-1001658426127,7179678851,0,0,0,3
-1002116123455,1035299979,0,0,0,8
-1001924915787,6416848696,0,0,0,27
-1001658426127,5010614981,0,0,0,1
-1001658426127,7048499818,0,0,0,1
-1002116123455,6967784711,0,0,0,14
-1001658426127,1864478041,0,0,0,1
-1001658426127,1459119060,0,0,0,181
-1002116123455,7419559709,0,0,0,5
-1002116123455,5130493863,0,0,0,6
-1001658426127,6388575544,0,0,0,2
-1001924915787,6525104432,0,0,0,2
-1001924915787,5948211497,2,0,0,84
-1002116123455,6402965411,0,0,0,21
-1001924915787,7137210517,0,0,0,58
-1001924915787,5947488580,0,0,0,1
-1001658426127,401093487,0,0,0,11
-1001658426127,6202369284,0,0,0,1
-1002195620377,6702221394,0,0,0,33
-1002195620377,6704690426,0,0,0,1
-1002195620377,7402824286,0,0,0,6
-1002116123455,5173753166,0,0,0,3
-1002116123455,6974400232,0,0,0,3
-1001658426127,1940383076,0,0,0,1
-1001658426127,5521999403,0,0,0,3
-1002116123455,1083876959,0,0,0,1
-1001658426127,6641509870,0,0,0,3
-1002116123455,5460232184,0,0,0,92
-1002116123455,5264213078,0,0,0,16
-1002116123455,5922288371,0,0,0,11
-1001924915787,5267326733,0,0,0,1
-1001924915787,5565776119,0,0,0,23
-1001924915787,1374270019,0,0,0,1
-1002171171664,7019587032,0,0,0,3
-1002116123455,1377965541,0,0,0,148
-1002116123455,594297673,0,0,0,8
-1002171171664,7355778353,0,0,0,28
-1002171171664,2126841992,0,0,0,236
-1002116123455,1336043903,0,0,0,1
-1002171171664,5064366564,0,0,0,29
-1001658426127,6302891130,0,0,0,1
-1001658426127,2100472918,0,0,0,3
-1001658426127,6569268588,0,0,0,55
-1002116123455,6555527010,0,0,0,79
-1002116123455,5344547383,0,0,0,2
-1001764886212,5617213347,0,0,0,4
-1002195620377,1802068983,0,0,0,17
-1002116123455,1802068983,0,0,0,17
7143186792,7143186792,0,0,0,1
-1001924915787,977828249,0,0,0,2
-1002116123455,7121773932,0,0,0,19
-1001658426127,1355989927,0,0,0,3
-1002116123455,6510997670,0,0,0,9
-1002116123455,6719571790,0,0,0,1
-1001924915787,7531808585,0,0,0,2
-1001658426127,7531808585,0,0,0,2
-1002171171664,1243545422,0,0,0,7
-1002116123455,7208565521,0,0,0,643
-1001658426127,5334694637,0,0,0,8
-1001924915787,781290868,0,0,0,1
-1001924915787,6729756753,0,0,0,16
-1001658426127,6705400272,0,0,0,1
-1001924915787,7445767915,0,0,0,1
-1001924915787,5330034190,0,0,0,1
-1002116123455,1169812567,0,0,0,3
-1002116123455,5643960133,0,0,0,5
-1001924915787,5630910794,0,0,0,2
-1002116123455,6488017121,0,0,0,1
-1001658426127,5248501132,0,0,0,2
-1001658426127,5612141012,0,0,0,1
-1001924915787,5324643188,0,0,0,6
-1002116123455,929406087,0,0,0,16
-1001658426127,5081470646,0,0,0,1
-1002116123455,7377955128,0,0,0,1
-1002116123455,1883098843,0,0,0,2
-1002116123455,2035572851,0,0,1,3
-1001924915787,6673387811,0,0,0,5
-1002116123455,136817688,0,0,0,1
-1002116123455,1312462339,0,0,0,59
-1002116123455,6821777019,0,0,0,3
-1001924915787,7021149601,0,0,0,3
-1001924915787,6801269049,0,0,0,3
-1001658426127,6450226837,0,0,0,18
-1002116123455,7299685632,0,0,0,21
-1001658426127,5363126321,0,0,0,15
-1001658426127,6375586989,3,1,0,56
-1001924915787,6961358581,0,0,0,16
-1001924915787,5479357582,0,0,0,6
-1002116123455,7265898904,0,0,0,8
-1001658426127,6899662462,0,0,0,1
-1001924915787,6211103677,0,0,0,1
-1001924915787,6890094188,0,0,0,1
-1001658426127,5377108135,0,0,0,19
-1001658426127,936771931,0,0,0,4
-1001764886212,1386554286,0,0,0,2
-1002116123455,5290758059,0,0,0,3
-1002116123455,5822299559,0,0,0,1
-1001658426127,1022360786,0,0,0,4
-1001658426127,7132266552,0,0,0,1
-1001658426127,6321982350,0,0,0,1
-1001764886212,7135684074,0,0,0,40
-1001658426127,6030118966,0,0,0,1
-1002116123455,7414355993,0,0,0,12
-1001764886212,1129642325,0,0,0,14
-1001924915787,764728105,0,0,0,2
-1002116123455,7514171972,0,0,0,6
-1001764886212,5388919163,0,0,0,16
-1001924915787,6315689878,0,0,0,1
-1001924915787,7047582862,0,0,0,1
-1001764886212,911629931,0,0,0,24
-1001658426127,5231024013,0,0,0,1
-1001658426127,5964754851,0,0,0,1
-1001924915787,6992288980,0,0,0,316
-1001924915787,6977725814,0,0,0,5
-1002116123455,6773405635,0,0,0,2
-1002116123455,1284728747,0,0,0,24
-1001924915787,6516973910,0,0,0,33
-1001658426127,5800059505,0,0,0,50
-1001924915787,6414215616,0,0,0,4
-1001658426127,7042051813,0,0,0,3
-1001924915787,5391657665,0,0,0,4
-1001924915787,7506570806,0,0,0,12
-1001924915787,6880670340,0,0,0,6
-1001658426127,7101142883,0,0,0,25
-1001658426127,7123954764,0,0,0,43
-1001658426127,2097945055,0,0,0,46
-1002116123455,6277033129,0,0,0,5
-1002116123455,5578884653,0,0,0,1
-1001924915787,7003568448,0,0,0,1
-1001658426127,5414692364,0,0,0,1
-1001924915787,6060690206,0,0,0,2
-1001658426127,886308755,0,0,0,3
-1001924915787,553959719,0,0,0,1
-1002116123455,1579969050,0,0,0,4
-1002116123455,7516577765,0,0,1,124
187272765,187272765,0,0,0,1
-1002116123455,822793905,0,0,0,1
-1001658426127,1459944412,0,0,0,1
-1001658426127,7411376254,0,0,0,1
-1002116123455,6151405591,0,0,0,2
-1002116123455,6333129236,0,0,0,1
-1002116123455,6078743910,0,0,0,2
-1002171171664,6889557965,0,0,0,37
-1002116123455,1326958446,0,0,0,21
-1002116123455,6568199563,0,0,0,1
-1001924915787,5719928554,0,0,0,21
-1002116123455,7062137151,0,0,0,1
-1002116123455,7264722909,0,0,0,6
-1001658426127,1286978455,0,0,0,31
-1002116123455,6686697076,2,0,0,5
-1001924915787,5820082299,0,0,0,12
-1001924915787,1256232909,0,0,0,1
-1001658426127,6636090188,0,0,0,1
-1001658426127,135136009,0,0,0,1
-1002116123455,5233750797,0,0,0,6
-1001658426127,5139700457,0,0,0,1
-1001658426127,1804949101,0,0,0,1
-1002116123455,7402824286,0,0,0,3
-1002116123455,5730380603,0,0,0,1
-1001658426127,1448742881,0,0,0,1
-1002116123455,5084928835,0,0,0,8
-1001924915787,7164281991,0,0,0,1
-1002116123455,7260774519,0,0,0,26
-1002116123455,1784007187,0,0,0,1
-1002171171664,5101974618,0,0,0,1
-1001924915787,6356776397,0,0,0,11
-1002116123455,1535123426,0,0,0,1
-1001658426127,6394181265,0,0,0,12
-1002116123455,1567392212,0,0,0,4
-1001924915787,1307436091,0,0,0,40
-1001658426127,224329112,0,0,0,311
-1001924915787,224329112,0,0,0,88
-1001658426127,5423138986,0,0,0,1
-1002116123455,6862372120,0,0,0,51
-1002116123455,1486377281,0,0,0,1
-1001658426127,6228535355,0,0,0,5
-1001658426127,6182534502,0,0,0,1
-1001658426127,1145614803,0,0,0,5
-1001658426127,1262337506,0,0,0,1
-1002116123455,7363838676,0,0,0,1
-1002116123455,6974861257,0,0,0,21
-1002116123455,5483612473,0,0,0,2
-1002116123455,7160947275,0,1,0,4
-1001924915787,1521461886,0,0,0,60
-1001658426127,7023211585,0,0,0,15
-1002116123455,6467447391,0,0,0,1
-1001658426127,7035189569,0,0,0,11
-1002116123455,6044577836,0,0,0,12
-1001658426127,1916186194,0,0,0,1
-1001658426127,6626667962,1,0,0,229
-1002116123455,1737056075,1,0,0,40
-1001924915787,6843924404,0,0,0,2
-1001924915787,7359755056,0,0,0,15
-1001658426127,7209355730,0,0,0,98
-1001949395702,1398600688,0,0,0,19
-1001924915787,6727913241,0,0,0,1
-1001924915787,1744777404,0,0,0,2
-1001924915787,7152338600,0,0,0,75
-1001924915787,5828217293,0,0,0,3
-1001924915787,1490892367,0,0,0,13
-1001924915787,7276227277,0,0,0,8
-1001924915787,7132728173,0,0,0,9
-1001658426127,6359349724,1,0,0,10
-1001658426127,6240410978,0,0,0,3
-1001658426127,6822808888,0,0,0,19
-1001658426127,1641977253,0,0,0,76
-1001658426127,5146976387,0,0,0,1
-1002116123455,7331652497,0,0,0,6
-1001924915787,984114129,0,0,0,17
-1002116123455,154886071,0,0,0,13
-1001764886212,6546744017,0,0,0,15
-1001924915787,6720902171,0,0,0,1
-1002116123455,1820951714,0,0,0,4
-1001924915787,6833644848,0,0,0,28
-1002116123455,6866296539,1,0,0,35
-1002056199659,7178536637,0,0,0,1
-1001924915787,5123346552,0,0,0,14
-1001658426127,5919819159,0,0,0,1
-1001924915787,6770269910,0,0,0,2
-1002116123455,1053356723,0,0,0,52
-1002116123455,7096168878,0,0,1,27
-1002116123455,6364658987,0,0,0,28
-1001924915787,7380348844,0,0,0,33
-1002116123455,7282905563,0,0,0,7
-1001658426127,7331330688,0,0,0,8
-1001658426127,5283495273,0,0,0,3
-1001924915787,1792754598,0,0,0,3
-1001658426127,5915475036,0,0,0,2
-1001658426127,5116600973,0,0,0,96
-1002220476395,7084938423,0,0,0,76
-1002220476395,6795269965,0,0,0,23
-1002116123455,7416376994,0,0,0,0
-1002220476395,6482557006,0,0,0,32
-1001658426127,6606537620,0,0,0,1
-1001658426127,7038137053,0,0,0,1
-1001924915787,6567821635,0,0,0,23
-1002056199659,7198262202,0,0,0,15
-1001924915787,1749021113,0,0,0,1
-1002116123455,5215333401,0,0,0,5
-1002116123455,5530362132,0,0,1,0
-1001924915787,6985452400,0,0,0,4
-1002116123455,6104022617,0,0,0,23
-1001658426127,7292067864,2,0,0,83
-1001924915787,7353205154,0,0,0,5
-1001924915787,5059609728,0,0,0,1
-1002116123455,5678669952,0,0,0,2
-1002116123455,7218062694,0,0,0,130
-1002116123455,6072819566,0,0,0,7
-1001924915787,6256972704,0,0,0,1
-1002116123455,6674204508,2,0,0,90
5046899719,5046899719,0,0,0,1
-1001924915787,1027141711,0,0,0,2
-1002116123455,7303504823,1,0,0,31
-1001658426127,6641996045,0,0,0,1
-1002116123455,7356350164,0,0,1,1
-1002116123455,1973430572,0,0,0,42
-1002116123455,5205785795,0,0,0,1
-1001658426127,5256167633,1,0,0,18
-1002116123455,6929221487,0,0,0,3
-1001924915787,7386930612,0,0,0,5
-1002116123455,1106426383,0,0,0,4
-1001924915787,5312783836,0,0,0,66
-1001924915787,843382710,0,0,0,14
-1001658426127,5509668267,2,0,0,632
-1001924915787,1893122879,0,0,0,1
-1001658426127,7234252084,0,0,0,94
-1001924915787,7187073534,0,0,0,154
-1001924915787,6313472149,0,0,0,17
-1001924915787,5545022079,0,0,0,16
-1001924915787,6313065642,0,0,0,4
-1001658426127,6087708200,0,0,0,33
-1001924915787,7067714007,0,0,0,7
-1001658426127,6743807525,0,0,0,1
-1002116123455,6833889183,0,0,0,36
-1001658426127,491209390,0,0,0,66
-1002116123455,7123236474,0,0,0,3
-1001658426127,5382175198,0,0,0,17
-1002116123455,5828500940,0,0,0,6
-1001658426127,6553928201,0,0,0,1
-1001658426127,1813756396,0,0,0,23
-1001924915787,6289123802,0,0,0,2
-1001658426127,6714804914,3,1,0,68
-1001924915787,5568951216,0,0,0,1
-1001658426127,7074416015,0,0,0,3
-1002116123455,6878128162,0,0,0,11
-1002116123455,5767610393,3,2,0,633
-1001658426127,6346856393,0,0,0,27
-1002116123455,5800435657,0,0,0,1
-1002056199659,1403346589,0,0,0,25
-1001658426127,5915370807,4,2,0,395
-1001658426127,5452340075,0,0,0,10
-1001924915787,6905590778,0,0,0,2
-1001924915787,5456143918,0,0,0,93
-1001924915787,6890039957,0,0,0,28
-1001658426127,6639857457,0,0,0,2
-1001924915787,6692377264,0,0,0,19
-1001924915787,6506940870,0,0,0,3
-1001924915787,7207910192,0,0,0,5
-1001658426127,1900651840,0,0,0,1
-1001658426127,5222183227,0,0,0,1
-1001658426127,5571013210,0,0,0,1
-1002116123455,5559751681,0,0,0,1
-1002220476395,7208456955,0,0,0,1
-1001924915787,5993201806,0,0,0,90
-1002116123455,6125007357,0,0,0,61
-1001924915787,7272657165,0,0,0,2
-1001924915787,1900747819,0,0,0,3
-1001924915787,6706987971,0,0,0,20
-1001924915787,6623739939,0,0,0,43
-1002116123455,5598732577,0,0,1,8
-1001924915787,7369234694,0,0,0,11
-1002056199659,6123821553,0,0,0,6
-1002056199659,5314201189,0,0,0,4
-1001924915787,2068243151,0,0,0,10
-1001924915787,5091251053,0,0,0,233
-1002116123455,1073432738,0,0,0,14
-1001924915787,7095639984,0,0,0,3
-1001924915787,5840511492,0,0,0,2
1085022899,1085022899,0,0,0,1
-1001924915787,7412085498,0,0,0,4
-1002116123455,5826718553,0,0,0,1
-1001924915787,7519887472,0,0,0,13
-1002220476395,1398600688,0,0,0,13
-1002056199659,1398600688,0,0,0,10
-1002116123455,1932494758,0,0,0,157
-1002116123455,6781435714,0,0,0,2
-1001658426127,6282345455,0,0,0,10
-1001924915787,1124609060,0,0,0,3
-1001658426127,7272657165,0,0,0,3
-1002116123455,6991571309,0,0,0,1
-1002116123455,2054004398,0,0,0,3
-1001658426127,7126846688,0,0,0,67
-1001658426127,5033924482,0,0,0,7
-1002056199659,7179680477,0,0,0,3
-1001924915787,7230921777,0,0,0,17
-1001924915787,5908134165,0,0,0,2
-1001924915787,5250052186,0,0,0,25
-1001658426127,1229929902,0,0,0,14
-1001658426127,632232403,0,0,0,1
-1001658426127,6104161277,0,0,0,2
-1001658426127,2140841132,0,0,0,4
-1001658426127,6237196580,0,0,0,1
-1001924915787,6042538555,0,0,0,1
-1002116123455,6296712929,0,0,0,15
-1002116123455,1262201872,0,0,0,2
-1002116123455,1677438006,1,0,0,17
-1002116123455,7397650783,0,0,0,75
-1002116123455,7471059136,0,0,0,1
-1001924915787,5920880028,0,0,0,1
-1001658426127,5824325972,0,0,0,3
-1001924915787,1851520874,0,0,0,1
-1001924915787,7461060135,0,0,0,5
-1002116123455,6407746775,0,0,0,48
-1001924915787,6682855005,0,0,0,16
-1001658426127,5743249992,0,0,0,1
-1002116123455,5773697901,0,0,0,1
-1002202960784,5915370807,0,0,0,208
-1002202960784,1826614950,0,0,0,1
-1001658426127,5712293248,0,0,0,5
-1002202960784,6496700503,0,0,0,102
-1002202960784,1301018617,1,0,0,5
-1002116123455,6946321667,0,0,0,154
-1002116123455,6650089426,0,0,0,1
-1002116123455,6261037747,0,0,0,1
-1002202960784,6369420558,0,0,0,31
-1002116123455,7013211761,0,0,0,29
-1002116123455,5160194965,0,0,0,25
-1002116123455,5406169355,0,0,0,1
-1002116123455,5603361417,0,0,0,16
-1002202960784,136817688,0,0,0,15
-1002202960784,833955828,0,0,0,15
-1002202960784,5800059505,0,0,0,27
-1002202960784,5063082910,0,1,0,5
-1002202960784,5944556601,0,0,0,12
-1002202960784,7495158247,0,0,0,1
-1002116123455,6862759979,0,0,0,1
-1002116123455,89547582,0,0,0,2
-1002202960784,1087968824,0,0,0,9
-1002202960784,1115228884,2,0,0,38
-1002202960784,777000,0,0,0,24
-1002116123455,7465135764,0,0,0,4
-1001924915787,7277090575,0,0,0,1
-1002116123455,5050998420,0,0,0,1
-1001924915787,5398785840,0,0,0,9
-1001658426127,5481699603,0,0,0,13
-1002056199659,5760599933,0,0,0,90
-1002116123455,5157703472,0,0,0,5
-1001924915787,5021281912,0,0,0,11
-1001658426127,5562653297,0,0,0,1
-1001658426127,6737015077,0,0,0,16
-1001658426127,6826773830,0,0,0,32
-1001658426127,6950886264,0,0,0,13
-1001924915787,5418452902,0,0,0,6
-1002116123455,6655849304,0,0,0,6
-1002116123455,7094339519,0,1,0,64
-1002116123455,6725604808,0,0,0,2
-1002116123455,383276501,0,0,0,20
-1001924915787,630654868,0,0,0,42
-1001924915787,7052511982,0,0,0,1
-1002116123455,1215387484,0,0,0,4
-1001924915787,6518620827,0,0,0,4
-1002116123455,7170435208,0,0,0,1
-1002202960784,5467478356,1,0,0,89
-1002116123455,7343526074,0,0,0,65
-1002202960784,5719331775,0,0,0,8
-1001658426127,5987597649,0,0,0,1
-1002116123455,5254403317,0,0,0,47
-1002202960784,6992664226,0,0,0,1
-1001924915787,5394098506,0,0,0,3
-1002116123455,6727268555,0,0,0,15
-1002116123455,6436215981,0,0,0,16
-1002116123455,1407377078,0,0,0,5
-1002116123455,7048615144,0,0,1,52
-1002116123455,6162826918,0,0,0,4
-1002116123455,6956824111,0,0,0,10
-1002116123455,5980211276,0,0,0,1
-1001924915787,7493166790,0,0,0,8
-1001924915787,6695911356,0,0,0,1
-1002116123455,2123742796,0,0,0,2
-1001658426127,6544538609,0,0,0,4
-1002116123455,5548122939,0,0,0,26
-1002116123455,6587480363,0,0,0,1
-1001924915787,7257626558,0,0,0,1
-1002116123455,7184659237,1,0,0,62
-1001658426127,7469537346,0,0,0,24
-1002116123455,269203559,0,0,0,3
-1001658426127,541960691,0,0,0,1
-1002116123455,7136428359,0,0,0,3
-1002116123455,5277673648,0,0,0,1
-1002116123455,6321937254,0,0,0,5
-1002116123455,7117627464,0,0,0,6
-1002116123455,1339978797,0,0,0,3
-1001924915787,7000144019,0,0,0,3
-1002116123455,1901386750,0,0,0,19
-1001658426127,6735409309,0,0,0,2
-1001924915787,6671396965,0,0,0,10
-1002202960784,6498952938,0,0,0,4
-1002116123455,6773820579,0,0,0,3
-1002116123455,6127184179,0,0,0,1
-1002202960784,6798110385,0,0,0,8
-1002116123455,513617161,0,0,0,1
-1002116123455,7366475577,0,0,0,1
-1002116123455,5153719583,0,0,0,3
-1002116123455,5838970584,2,0,0,14
-1002116123455,5334122470,0,0,0,11
5767610393,5767610393,0,0,0,1
-1001658426127,6512451233,0,0,0,2
-1001658426127,6292653717,0,0,0,2
-1002116123455,6713797131,0,0,0,3
-1002116123455,5880526410,0,0,0,18
-1002116123455,1383454659,0,0,0,1
-1002116123455,5889457054,0,0,0,2
-1002116123455,5370323367,0,0,0,1
-1001658426127,5906529804,0,0,0,23
-1002116123455,7222511704,0,0,0,57
-1001658426127,6011229581,0,0,0,10
-1001924915787,6719631735,0,0,0,1
-1001924915787,7172555790,0,0,0,4
-1001658426127,7047700145,0,0,0,34
-1001658426127,5769636041,0,0,0,8
-1002116123455,7121346403,0,0,0,52
-1002116123455,6288993437,0,0,0,1
-1002116123455,5730921165,0,0,0,6
-1002116123455,7067877650,0,0,0,4
-1002116123455,6289770841,0,0,0,2
-1002116123455,7278019939,0,0,0,1
-1002116123455,2121907088,0,0,0,1
-1002056199659,6700443287,0,0,0,478
-1002116123455,5180132882,1,0,0,10
-1002116123455,7321972534,0,0,0,193
-1001658426127,7363167381,0,0,0,4
-1002116123455,5396617111,0,0,0,7
-1002116123455,6303043005,0,0,0,11
-1002202960784,6926863362,0,0,0,1
-1002202960784,5767135223,0,0,0,7
-1002202960784,645074727,0,0,0,2
-1002202960784,6226066268,0,0,0,1
-1001924915787,701036947,0,0,0,2
-1002202960784,1400522155,0,0,0,4
-1002116123455,5919915617,0,0,0,10
-1001658426127,5659662583,0,0,0,14
-1001658426127,6951034164,0,0,0,5
-1002116123455,1697645152,0,0,0,15
-1001924915787,1922961084,0,0,0,2
-1002116123455,7027905030,0,0,0,1
-1002202960784,6055478548,0,0,0,1
-1002202960784,5919974503,0,0,0,1
-1002202960784,616807419,0,0,0,1
-1002202960784,6514147836,0,0,0,2
-1001924915787,6588555031,0,0,0,20
6434141471,6434141471,0,0,0,1
-1002116123455,2056332804,0,0,0,160
-1001924915787,7007600662,0,0,0,7
-1002202960784,7416376994,0,0,0,0
-1002116123455,2035931514,2,0,0,105
-1002202960784,6633553415,0,0,0,3
-1001658426127,6272436793,3,1,0,6
-1002116123455,5482076606,0,0,0,6
-1001658426127,6229226626,0,0,0,5
-1001924915787,7167358673,0,0,0,2
-1001924915787,7529173573,0,0,0,1
-1001924915787,7265472587,0,0,0,4
-1001924915787,5417374639,0,0,0,3
-1002116123455,758569940,0,0,0,3
-1001924915787,7013940461,0,0,0,1
-1002116123455,5038713395,0,0,1,8
-1001658426127,1474269798,2,0,0,10
-1002116123455,7045884580,0,1,0,6
-1002116123455,2049310610,0,0,0,110
-1002116123455,1930129885,0,0,0,1
-1002116123455,1458673891,0,0,0,4
-1002116123455,6746979768,3,1,0,243
-1002116123455,6684086684,0,0,0,1
-1002116123455,1491329138,0,0,0,1
-1001924915787,5953783203,0,0,0,1
-1002202960784,6496021578,0,0,0,1
-1002116123455,5389226744,0,0,0,3
-1002116123455,5973768032,0,1,0,19
-1001658426127,1290910394,0,0,0,1
-1002116123455,7494930481,0,0,1,2
-1001924915787,6827431680,0,0,0,48
-1001658426127,7160947275,0,0,0,10
-1002116123455,6824081872,0,0,0,22
-1001658426127,1073317151,0,0,0,2
-1001924915787,5214755711,0,0,0,2
-1002116123455,6500739332,1,1,0,3
-1001924915787,2029721195,0,0,0,6
-1002116123455,6266482047,0,0,0,28
-1001658426127,6647165877,0,0,0,1
-1001924915787,6358727372,0,0,0,1
-1002116123455,6261185665,0,0,0,3
-1002116123455,6366477692,0,0,0,2
-1002116123455,5983872742,0,0,0,6
-1002116123455,5226320435,0,0,0,2
-1001658426127,6642095783,0,0,0,3
-1002116123455,7642036566,0,0,0,1
-1002116123455,7486447808,0,0,0,17
-1002116123455,7349685701,1,0,0,9
-1002116123455,6546463970,0,0,0,5
-1001658426127,6262765075,0,0,0,1
-1002116123455,6072882300,0,0,0,2
-1001658426127,5498826644,0,0,0,53
-1001924915787,5123162853,0,0,0,160
-1001924915787,7028591221,0,0,0,15
-1001924915787,1339259346,0,0,0,1
-1001658426127,5500069813,0,0,0,1
-1002116123455,5674440557,0,0,0,39
-1001924915787,534446644,0,0,0,20
-1002116123455,1151483128,0,0,0,2
-1001924915787,5271529069,0,0,0,3
-1001924915787,5165540500,0,0,0,4
-1002116123455,7106609921,3,2,0,26
-1002116123455,7188972688,0,0,0,16
-1002116123455,1686310809,0,0,0,1
6946321667,6946321667,0,0,0,1
-1002116123455,7318296720,0,0,0,2
-1002116123455,1861052643,0,0,0,35
-1001924915787,1015093999,0,0,0,10
-1001924915787,6343012958,0,0,0,3
-1001924915787,623382470,0,0,0,2
-1002116123455,7047700145,0,0,1,5
-1002116123455,7286134019,3,1,0,3
-1002116123455,5887367290,0,0,0,3
-1002202960784,5046936118,0,0,0,1
-1001924915787,1663671295,0,0,0,2
-1001658426127,1498615684,0,0,0,1
-1001658426127,862489246,0,0,0,1
-1001658426127,7468148669,0,0,0,1
-1002056199659,7190585956,0,0,0,4
-1001658426127,7375809749,0,0,0,2
-1002116123455,1350721610,0,0,0,17
-1002056199659,7032841485,0,0,0,49
-1001658426127,858945340,0,0,0,1
-1001658426127,6743487454,0,0,0,2
-1001658426127,7060883449,0,0,0,1
-1002116123455,5156308454,0,0,0,1
-1002116123455,5644641627,0,0,0,1
-1002116123455,1426702706,2,0,0,132
-1002116123455,6777509776,0,0,0,3
-1002116123455,6417081748,0,0,0,1
-1001924915787,7020039203,0,0,0,1
-1001658426127,5953267509,0,0,0,1
-1001924915787,7292312311,0,0,0,1
-1002116123455,5638492076,0,0,0,22
-1001924915787,1628220727,0,0,0,5
-1001658426127,674546591,0,0,0,1
-1001924915787,6054198464,0,0,0,57
-1001924915787,5753325123,0,0,0,1
-1001658426127,6217462934,0,0,0,268
-1002116123455,6408094342,0,0,0,1
-1002116123455,5733501372,0,0,0,18
-1002116123455,6643227340,0,0,0,77
-1001924915787,5178988995,0,0,0,137
-1002116123455,207122393,0,0,0,1
-1002116123455,5695236375,0,1,0,21
-1001924915787,1672297135,0,0,0,15
-1002116123455,8005743818,0,0,0,6
-1002116123455,7309238826,0,0,0,57
-1002116123455,7292948957,0,0,0,2
-1002116123455,5666421980,0,0,0,2
-1001658426127,1013073020,0,0,0,1
-1002116123455,5687595571,3,1,0,58
-1002116123455,6564448664,1,1,0,11
-1002116123455,852137507,1,0,0,40
-1002116123455,858945340,0,0,0,3
-1002116123455,7541100761,0,0,0,1
-1002116123455,7317481037,0,0,0,125
5687595571,5687595571,0,0,0,1
-1002116123455,1434295981,0,0,0,1
-1002116123455,6599643160,0,0,0,21
-1002116123455,948643128,0,0,0,4
-1002116123455,6111611743,0,0,0,19
-1002116123455,939796339,0,0,0,4
-1002116123455,5377108135,0,0,0,8
-1002116123455,7194362788,0,0,0,2
-1002116123455,6964995878,0,0,0,15
-1002116123455,5333500466,0,0,0,1
-1002116123455,7327726906,0,0,0,1
-1001924915787,1902973650,0,0,0,6
-1001658426127,7087188806,0,0,0,40
-1001658426127,5560800228,0,0,0,1
-1001658426127,6842957952,0,0,0,3
-1001924915787,6759014292,0,0,0,1
-1002116123455,7135448902,0,0,0,3
-1001658426127,6266334885,0,0,0,1
-1002116123455,628994383,0,0,0,11
-1001658426127,6838622311,0,0,0,6
-1002116123455,6240161989,0,0,0,8
-1002116123455,6516457465,0,0,0,6
-1002116123455,7081057375,0,0,0,4
-1002116123455,5687158412,0,0,0,8
-1002116123455,6457850790,0,0,0,1
-1002116123455,7502644241,0,0,0,2
-1001658426127,7262468383,0,0,0,1
-1002116123455,391923330,0,0,0,9
-1001924915787,7417689430,0,0,0,3
-1001924915787,6175875269,0,0,0,1
-1001924915787,5137833532,0,0,0,1
-1001658426127,5790357503,0,0,0,11
-1002116123455,777716074,0,0,0,2
-1002116123455,1404493044,0,0,0,7
-1002116123455,366715139,0,0,0,5
-1002116123455,7300232642,0,0,0,1
-1002056199659,7012502785,0,0,0,17
-1002116123455,7109155778,0,0,0,15
-1002116123455,5571853263,0,0,0,2
-1001658426127,1564033971,0,0,0,1
-1002116123455,6141242737,0,1,0,2
-1001924915787,7464052352,0,0,0,28
-1001924915787,6956032275,0,0,0,5
-1002116123455,6332740615,0,0,0,2
-1002171171664,6214713826,0,0,0,9
-1001924915787,160908515,0,0,0,31
-1002116123455,7148906156,0,0,0,4
-1002116123455,1926015451,0,0,0,2
-1001658426127,1932285743,0,0,0,1
-1002116123455,5534649106,0,0,0,17
-1001924915787,7411615147,0,0,0,8
-1001924915787,5037509742,0,0,0,3
-1002056199659,5858996517,0,0,0,10
-1001658426127,5546129957,0,0,0,5
-1001924915787,2069946187,0,0,0,1
-1002116123455,7203209807,0,0,0,40
-1002116123455,7078785021,0,0,0,1
-1001924915787,5809329792,0,0,0,5
-1002116123455,5881676843,0,0,0,8
-1001924915787,1358124724,0,0,0,1
-1001924915787,1302383209,0,0,0,1
-1001658426127,6066883170,0,0,0,1
-1001658426127,6221692639,0,0,0,2
-1001924915787,6938659027,0,0,0,1
-1002116123455,7087225966,0,0,0,2
-1002306198930,5915370807,0,0,0,12
-1002306198930,7473618055,0,1,0,36
-1002306198930,5719331775,0,0,0,5
-1001658426127,570241346,0,0,0,23
-1002306198930,5467478356,0,0,0,15
-1001924915787,1213957480,0,0,0,273
-1002116123455,5357013268,0,0,0,3
-1001924915787,6324815944,0,0,0,24
-1001924915787,5731032842,0,0,0,50
-1001658426127,5269296361,0,0,0,1
-1001658426127,5352985056,0,0,0,1
-1002116123455,6704326178,0,0,0,5
-1002116123455,7234252084,0,0,0,6
-1001658426127,6931439059,0,0,0,3
-1002116123455,6782135749,0,0,0,5
-1001924915787,6542633144,0,0,0,5
-1001924915787,1370091204,0,0,0,5
-1001658426127,300257724,0,0,0,2
-1002306198930,1115228884,0,0,0,36
-1002116123455,6649090778,0,0,0,1
-1001658426127,6139492257,0,0,0,1
-1002116123455,1674167614,0,0,0,135
-1002116123455,5880564379,0,0,0,2
-1001658426127,1667890874,1,0,0,1
-1002306198930,5361384173,0,0,0,1
-1002116123455,7182404137,1,0,0,94
-1001658426127,6696823445,0,0,0,4
-1001924915787,7143186792,0,0,0,93
-1001658426127,5205210343,0,0,0,1
-1001658426127,6907182852,0,0,0,1
-1002116123455,5991009799,2,0,0,274
-1001924915787,7354137301,0,0,0,697
-1002116123455,6029448642,0,0,0,1
-1001924915787,6871056378,0,0,0,15
-1001658426127,6180985987,0,0,0,1
-1002116123455,7105756789,0,0,0,1
-1001658426127,7251387379,0,0,0,1
-1002116123455,5544144004,0,0,0,1
-1001924915787,5409364017,0,0,0,2
-1002116123455,6773438293,0,0,0,1
-1002116123455,5291797344,0,0,0,1
-1002116123455,5003540367,0,0,0,115
-1001924915787,6903453357,0,0,0,11
-1001658426127,847260119,0,0,0,1
-1002116123455,5755314625,0,0,0,7
-1002116123455,5896087283,0,0,0,1
-1001658426127,6837708631,0,0,0,695
5089644795,5089644795,0,0,0,1
-1002306198930,7469934842,0,0,0,2
-1001924915787,6686618264,0,0,0,2
-1002116123455,472582340,0,0,0,1
-1001924915787,1560571561,0,0,0,37
-1001658426127,7442682262,0,0,0,1
-1002116123455,6944654556,0,0,0,1
-1001924915787,6177490252,0,0,0,2
-1002306198930,6926863362,0,0,0,9
-1002116123455,2135888243,0,0,1,0
-1001658426127,6556815953,0,0,0,3
-1001924915787,5409889752,0,0,0,6
-1001924915787,7739365987,0,0,0,50
-1001924915787,5703328623,0,0,0,2
-1001924915787,1726386031,0,0,0,1
-1001924915787,6168628352,0,0,0,2
-1001924915787,6963271262,0,0,0,1
-1001924915787,6171286488,0,0,0,25
-1001924915787,6222276232,0,0,0,116
-1001924915787,5984899565,0,0,0,7
-1001658426127,1984135773,0,0,0,1
-1001924915787,6566231022,0,0,0,2
-1001658426127,7051264232,0,0,0,25
-1001924915787,6912602993,0,0,0,3
-1001924915787,5314225115,0,0,0,14
-1001924915787,6670654587,0,0,0,4
-1001924915787,7446410061,0,0,0,90
-1001924915787,6655117961,0,0,0,6
-1001924915787,1531523952,0,0,0,31
-1002116123455,6081296058,0,0,0,1
-1001658426127,1515257741,0,0,0,2
-1002056199659,6886826772,0,0,0,1
-1002056199659,6986476590,0,0,0,3
-1002116123455,7536096231,0,0,0,22
-1001658426127,6995317088,0,0,0,1
-1001924915787,7105184165,0,0,0,7
-1001924915787,7232960405,0,0,0,26
-1002116123455,6149741271,0,1,0,34
-1002116123455,5044972217,1,0,0,20
-1002116123455,6449461889,0,6,0,63
-1002116123455,2103249836,0,0,0,3
-1001924915787,719455172,0,0,0,1
-1001924915787,735358028,0,0,0,1
-1002116123455,656406072,0,0,0,36
-1002116123455,5871931135,0,0,0,6
-1002116123455,6927066590,0,1,0,72
-1001924915787,6156618888,0,0,0,1
-1002116123455,7028123166,0,0,1,1
-1001924915787,6394970683,0,0,0,6
-1002116123455,6228138937,0,0,0,2
-1002116123455,6057388484,0,0,0,19
-1001924915787,7171002956,0,0,0,90
-1001924915787,6419107905,0,0,0,17
-1002116123455,6273628423,0,0,0,4
-1002116123455,6933084012,0,0,0,1
-1002116123455,5347792252,0,0,0,13
-1001924915787,6437781614,0,0,0,2
-1001924915787,5768036406,0,0,0,19
-1001924915787,1941833643,0,0,0,14
-1002116123455,6779135863,2,0,0,13
-1002116123455,5297441220,0,0,0,15
-1001658426127,7232960405,0,0,0,18
-1001924915787,7012624372,0,0,0,23
-1002116123455,7671913014,0,0,0,10
-1002116123455,7053142424,0,0,0,1
-1001924915787,362614930,0,0,0,2
-1001924915787,7529228833,0,0,0,23
-1002116123455,1229633228,0,0,0,4
-1002056199659,7023268967,0,0,0,21
-1002116123455,1823815410,0,0,0,46
-1001658426127,6338407743,0,0,0,2
-1002116123455,6210864879,0,0,0,29
-1002116123455,6892161267,0,0,1,11
-1002116123455,5744362732,0,0,0,2
-1002116123455,7138973459,0,0,0,3
-1002116123455,6919597153,0,0,0,1
-1002116123455,1846282211,0,0,0,1
-1002116123455,1615355948,0,0,0,1
-1002116123455,7030220713,0,0,0,68
-1002116123455,6877760998,0,0,0,2
-1001658426127,5843094381,0,0,0,1
-1001924915787,7816440974,0,0,0,36
-1002116123455,6124257721,0,0,0,1
-1001924915787,7538300983,0,0,0,1
-1001924915787,7367211009,0,0,0,116
-1002116123455,6533435366,0,0,0,5
-1002116123455,5822927193,0,0,0,8
-1001658426127,5613966850,0,0,0,3
-1001658426127,7396797622,0,0,0,1
-1001658426127,1002856118,0,0,0,1
-1001924915787,7301227846,0,0,0,10
-1002116123455,5291471291,0,0,0,2
-1002116123455,7465448782,0,0,0,6
-1002116123455,5824102710,0,0,0,1
-1002116123455,533231705,0,0,0,1
-1002116123455,1892281627,0,0,0,4
-1001924915787,546342502,0,0,0,1
-1002116123455,7476038606,0,0,0,6
-1002116123455,5679458641,0,0,0,38
-1001924915787,7351544704,0,0,0,59
-1002116123455,7109783474,0,0,0,1
-1001924915787,7348729841,0,0,0,3
-1002116123455,6863218929,0,0,0,2
-1001924915787,1510841362,0,0,0,33
-1002116123455,5315037173,0,0,0,20
-1002116123455,7286976882,0,0,0,4
-1002116123455,5409889752,0,0,1,7
-1001924915787,5759053758,0,0,0,1
-1001658426127,7135419136,0,0,0,1
-1002116123455,1950793422,0,0,0,4
-1001924915787,6593275482,0,0,0,5
-1001924915787,7507337872,0,0,0,2
-1001658426127,7091802983,0,0,0,1
-1001658426127,7011726540,0,0,0,1
5315037173,5315037173,0,0,0,2
-1001658426127,7272115162,0,0,0,10
-1001924915787,7212673233,0,0,0,1
-1001924915787,7045590966,0,0,0,1
-1001658426127,693806062,0,0,0,1
-1001658426127,6674046925,0,0,0,1
-1002116123455,7419547232,0,0,0,368
-1002116123455,1971341516,0,0,0,3
-1002421435103,7536096231,0,0,0,364
-1002421435103,6382610151,0,0,0,51
-1002421435103,981284482,0,0,0,1
-1001658426127,2010898304,0,0,0,10
-1001658426127,6081381856,0,0,0,2
-1002421435103,6062612907,0,0,0,26
-1002421435103,7162367056,0,0,0,3
-1002116123455,6467860782,2,0,0,238
-1002421435103,6138621641,0,0,0,3
-1001924915787,6124330601,0,0,0,7
-1001924915787,7136915567,0,0,0,1
-1001658426127,2129061899,0,0,0,4
-1002421435103,5750822537,0,0,0,41
-1002421435103,5875223683,0,0,0,13
-1001658426127,6169831261,0,0,0,1
-1001658426127,5605108032,0,0,0,2
-1001658426127,7870519027,1,0,0,79
-1001658426127,7021416223,0,0,0,106
-1002116123455,7023268967,0,0,0,64
-1001658426127,6013837069,0,0,0,3
-1001658426127,7785600626,0,0,0,1
-1001658426127,5789236719,0,0,0,1
-1002116123455,6811090765,2,0,0,21
-1001658426127,6505364672,0,0,0,3
-1001924915787,7158881366,0,0,0,14
-1002116123455,5952129825,0,0,0,14
-1001658426127,6049930709,0,0,0,1
-1002116123455,44815223,0,0,0,1
-1002421435103,1671414314,0,0,0,4
-1001658426127,1618268523,0,0,0,1
-1001924915787,7166125335,0,0,0,54
-1002306198930,6788697274,0,0,0,1
-1001924915787,7508722566,0,0,0,25
-1001924915787,7471993319,0,0,0,1
-1001658426127,2128229014,0,0,0,1
-1001658426127,5254004575,0,0,0,29
-1002421435103,1571550878,0,0,0,12
-1002421435103,6645218522,0,0,0,3
-1001658426127,6283119907,0,0,0,4
-1002306198930,1826614950,0,0,0,1
-1001658426127,6913295169,0,0,0,1
-1002116123455,1891819562,0,0,0,2
-1002116123455,7922398941,0,0,0,23
-1001924915787,7187138706,0,0,0,3
-1001924915787,6956251358,0,0,0,3
-1002116123455,1657832546,0,0,0,1
-1001924915787,7445305256,0,0,0,5
-1001924915787,7031901966,0,0,0,15
-1001924915787,5802170134,0,0,0,2
-1001658426127,6019422574,0,0,0,1
-1002116123455,6905764226,0,0,1,0
-1001924915787,5872990065,0,0,0,4
-1002116123455,6646359660,0,0,0,111
-1001924915787,7260067232,0,0,0,2
-1002116123455,6549616561,0,0,0,13
-1001924915787,7025303592,0,0,0,84
-1002116123455,7603098225,0,0,0,2
-1002116123455,7051242978,0,0,0,11
-1001924915787,5198513265,0,0,0,2
5195274494,5195274494,0,0,0,1
-1002116123455,5100436794,0,0,0,2
-1001658426127,1992849678,0,0,0,2
5273244132,5273244132,0,0,0,2
-1001924915787,6332117445,0,0,0,251
-1002116123455,1365751925,0,0,0,2
-1002116123455,5568140434,0,0,0,1
-1002116123455,6233698628,0,0,0,18
-1002116123455,7652880405,0,0,0,30
-1002421435103,6332278408,0,0,0,27
-1001924915787,5297932874,0,0,0,1
-1002116123455,6564269449,0,0,0,1
-1001924915787,7234398718,0,0,0,7
-1001658426127,1261124602,0,0,0,1
-1001924915787,5751412605,0,0,0,2
-1001924915787,6142435518,0,0,0,423
-1002116123455,6739000608,0,0,0,2
-1002421435103,6506905923,0,0,0,250
-1002116123455,7203801539,0,0,0,1
-1002116123455,7470138797,0,0,0,40
-1002116123455,6948006887,2,1,0,115
-1002116123455,7190609170,0,0,0,9
-1001924915787,5072906733,0,0,0,2
-1002116123455,6331091944,0,0,0,1
-1002421435103,7519303053,0,0,0,9
-1002421435103,7387788142,0,0,0,2
-1001658426127,6862931181,0,0,0,3
-1002421435103,6722374891,0,0,0,2
-1001658426127,7614959945,0,0,0,1
-1002421435103,1101586549,0,0,0,2
-1002421435103,5716984341,0,0,0,4
-1002116123455,5546471302,0,0,1,0
-1002171171664,6922077947,0,0,0,2
-1002116123455,7208064094,0,0,0,9
-1001658426127,6952477607,0,0,0,1
7395638864,7395638864,0,0,0,1
-1002116123455,7190067904,0,0,0,12
-1001924915787,6505364672,0,0,0,299
-1002116123455,114218688,0,0,0,1
-1001924915787,1335496481,0,0,0,1
-1001658426127,2102465903,0,0,0,2
-1002116123455,6598804755,0,0,0,2
-1002056199659,6205669825,0,0,0,1
-1002056199659,6712378125,0,0,0,2
-1001924915787,7003916938,0,0,0,1
-1002116123455,2104431842,0,0,0,1
-1002116123455,5085206730,0,0,0,16
-1001658426127,5899349248,0,0,0,2
-1001658426127,5219167474,0,0,0,2
-1002116123455,7600569277,1,0,0,38
-1002116123455,6703318938,0,0,0,430
-1002421435103,6593253091,0,0,0,1
-1002116123455,1008993612,0,0,0,4
-1001924915787,5797712725,0,0,0,3
-1002116123455,6486428022,0,0,0,1
-1001658426127,6795953454,0,0,0,3
-1002116123455,6514831037,0,0,0,13
-1002116123455,5241968451,0,0,0,1
-1001924915787,7321425594,0,0,0,43
-1002421435103,6158594653,0,0,0,2
-1001924915787,913089677,0,0,0,23
-1002116123455,1883413900,0,0,0,1
-1002116123455,2068802515,0,0,0,33
-1001658426127,6011643411,0,0,0,1
-1002116123455,1819595147,0,0,0,9
-1002116123455,1659547719,0,0,0,1
-1001924915787,5812802307,0,0,0,8
-1001924915787,6700519232,0,0,0,4
6703318938,6703318938,0,0,0,1
-1001924915787,1321755765,0,0,0,2
-1001658426127,6985993558,0,0,0,41
-1001658426127,5509327748,0,0,0,5
-1001924915787,6596016185,0,0,0,12
-1001658426127,7507337872,0,0,0,3
-1002116123455,6598247548,0,0,0,15
-1002116123455,7256827055,0,0,0,5
-1002116123455,6715355452,0,0,0,2
-1002116123455,6762401659,0,0,0,3
-1001924915787,7238591281,0,0,0,1
-1002116123455,7339642563,0,0,0,7
-1002056199659,7026872422,0,0,0,3
-1002116123455,6074130176,0,0,0,52
-1001924915787,5908223456,0,0,0,1
-1002116123455,6174963320,0,0,0,2
-1001924915787,1151326543,0,0,0,3
-1002171171664,6308945893,0,0,0,2
-1001924915787,6812463425,0,0,0,18
-1002116123455,992306588,0,0,0,1
-1002116123455,6347994945,0,0,0,21
-1002421435103,7302724091,0,0,0,2
-1002421435103,7510824963,0,0,0,3
-1001924915787,6334806339,0,0,0,6
-1002116123455,7104591368,0,0,0,5
-1002421435103,7479607323,0,0,0,1
-1002421435103,1626544230,0,0,0,3
-1002116123455,5976705177,0,0,0,4
-1002116123455,6051721649,0,0,0,1
-1002116123455,6915823562,0,0,0,5
-1002116123455,5657726748,0,0,0,1
-1001924915787,6212293825,0,0,0,1
-1002116123455,6906816599,0,0,0,1
-1002116123455,5663953814,0,0,0,5
-1002116123455,6853791107,0,0,0,86
-1002116123455,6966702127,0,0,0,355
-1002116123455,1342050949,0,0,0,8
-1002116123455,7589216424,0,0,0,7
-1001658426127,7774332211,0,0,0,2
6948006887,6948006887,0,0,0,1
-1001924915787,2038132965,0,0,0,1
-1001924915787,5338771536,0,0,0,1
-1001658426127,5263191296,0,0,0,1
-1001658426127,6245774829,0,0,0,9
-1001658426127,6672022718,0,0,0,1
-1001658426127,1033602220,0,0,0,1
-1002116123455,6845056543,0,0,0,22
-1001658426127,2079777622,0,0,0,1
-1001658426127,1653558264,0,0,0,11
-1001658426127,5586493394,0,0,0,42
-1002116123455,5667879001,0,0,0,2
6463783987,6463783987,0,0,0,2
-1002306198930,1384247334,0,0,0,1
-1001924915787,6954890660,0,0,0,6
-1001924915787,6966526910,0,0,0,1
-1002116123455,7891461178,0,0,0,90
-1002116123455,5797941265,0,0,0,46
-1002116123455,7467174119,0,0,0,1
-1002116123455,1336691686,3,1,0,47
-1001924915787,6417177315,0,0,0,2
-1001764886212,6437292770,0,0,0,48
-1002116123455,6942829253,0,0,0,1
-1001924915787,7409146565,0,0,0,1
-1001924915787,5535791503,0,0,0,6
-1002116123455,1618184733,0,0,0,1
-1001924915787,6219640724,0,0,0,18
-1002116123455,7321425594,0,0,0,2
-1001924915787,7379486764,0,0,0,31
-1001924915787,7825724513,0,0,0,36
-1002171171664,5219010792,0,0,0,2
-1001658426127,6273865765,0,0,0,25
-1001658426127,7859696495,0,0,0,4
-1001658426127,6554023271,0,0,0,139
-1001924915787,5871053595,0,0,0,2
-1001924915787,7525414754,0,0,0,1
-1002116123455,6788467185,0,0,0,17
-1001924915787,6704731673,0,0,0,15
-1002116123455,6239464366,0,0,0,3
-1002116123455,1255786927,0,0,0,34
-1002421435103,5920555116,0,0,0,4
-1002116123455,5250475769,0,0,0,1
-1001924915787,5316234831,0,0,0,1
-1001658426127,1748904535,0,0,0,7
-1002116123455,5036910423,0,0,0,23
-1001924915787,7516155862,0,0,0,1
-1001924915787,1358326701,0,0,0,2
-1002116123455,1851878439,0,0,0,4
-1001924915787,6991641901,0,0,0,3
-1001924915787,1777599453,0,0,0,2
-1001924915787,7364652407,0,0,0,23
-1002116123455,6604278446,0,0,0,3
-1001924915787,6498189505,0,0,0,13
-1001924915787,7446572843,0,0,0,2
-1002116123455,6529108412,0,0,0,2
-1002421435103,7050160806,0,0,0,2
-1002116123455,7129852343,0,0,0,47
-1002116123455,5728360192,0,0,0,10
-1002116123455,6793695618,0,0,0,1
-1002116123455,6613402394,0,0,0,6
-1001924915787,5410512710,0,0,0,1
-1001924915787,6921720264,0,0,0,3
-1001924915787,6741348588,0,0,0,2
-1001924915787,1613415979,0,0,0,18
-1002116123455,6666091880,0,0,0,1
-1001924915787,1258399014,0,0,0,2
-1001924915787,154886071,0,0,0,8
-1001924915787,7063283972,0,0,0,7
-1002220476395,7154626474,0,0,0,4
-1002056199659,6753331703,0,0,0,4
-1001924915787,7793014369,0,0,0,7
-1002116123455,7971872993,0,0,0,4
-1001924915787,6908151381,0,0,0,8
-1001658426127,7174489812,0,0,0,15
-1002171171664,5497805064,0,0,0,2
-1002116123455,6599701828,0,0,0,1
-1001924915787,6599701828,0,0,0,7
-1002116123455,5902518368,0,0,0,3
-1001924915787,5866148628,0,0,0,11
-1001658426127,7031171068,0,0,0,2
-1002421435103,1460222217,0,0,0,1
-1002116123455,664655857,0,0,0,4
-1001924915787,1069610309,0,0,0,17
-1001924915787,1980371365,0,0,0,91
-1002116123455,7221336908,0,0,0,109
-1002116123455,8033793808,0,0,0,21
-1002116123455,7207910192,0,0,0,7
-1002116123455,7714423861,0,0,0,1
-1001924915787,6973034483,0,0,0,20
-1001924915787,5006283301,0,0,0,125
-1002116123455,5550348074,0,0,0,10
-1001924915787,6157549350,0,0,0,3
-1002056199659,7099109780,0,0,0,1
-1001924915787,2041719997,0,0,0,2
-1002116123455,1404227447,0,0,0,38
-1001924915787,1229291467,0,0,0,3
-1001924915787,5601153638,0,0,0,28
-1001924915787,7099120503,0,0,0,10
-1002116123455,7798137984,0,0,0,9
-1002116123455,1424382386,0,0,0,2
-1002116123455,7566285615,0,0,0,65
-1002116123455,679019168,0,0,0,9
-1002116123455,6511678056,0,0,0,2
-1001924915787,376680458,0,0,0,1
-1001658426127,7178796085,0,0,0,1
-1002116123455,6334984176,0,0,0,1
-1002116123455,5504542902,0,0,0,1
-1002116123455,7335641104,0,0,0,1
-1001924915787,1087935361,0,0,0,2
-1001924915787,5481459504,0,0,0,48
-1002116123455,5842876115,1,0,0,14
-1002220476395,1932494758,0,0,0,7
-1001658426127,6929678165,0,0,0,2
-1001924915787,860090807,0,0,0,2
-1001924915787,6443119622,0,0,0,3
-1002116123455,6226324103,0,0,0,2
-1001924915787,7385947012,0,0,0,6
-1001924915787,6738010684,0,0,0,4
-1001658426127,6276759022,0,0,0,18
-1001924915787,5547700055,0,0,0,1
-1001924915787,6759552399,0,0,0,26
-1002421435103,6936890588,0,0,0,1
-1002116123455,1158659253,0,0,0,1
-1002116123455,6576040246,0,0,0,4
-1002421435103,6614887261,0,0,0,1
-1002116123455,7960454158,0,0,0,16
-1002421435103,1344770468,0,0,0,8
-1002116123455,6511955097,0,0,0,14
-1001924915787,6886948220,0,0,0,4
-1001924915787,6659379220,0,0,0,3
-1002116123455,1657358711,0,0,0,10
-1002116123455,6800954418,0,0,0,23
-1001924915787,6717235503,0,0,0,5
-1002116123455,6659032816,0,0,0,26
-1002116123455,7167455797,0,0,0,49
-1001924915787,6830793532,0,0,0,15
-1001924915787,7320613471,0,0,0,111
-1001924915787,6745345415,0,0,0,3
-1002202960784,7183563568,0,0,0,3
-1002116123455,1783365094,0,0,0,1
-1001658426127,5544189939,0,0,0,5
-1001924915787,7031980176,0,0,0,10
-1001924915787,8095198621,0,0,0,9
-1002116123455,788719968,0,0,0,1
-1001924915787,5231938220,0,0,0,18
-1001658426127,6408723723,0,0,0,8
-1002116123455,6745129817,0,0,0,24
-1001924915787,7117007387,0,0,0,1
-1002421435103,1251164238,0,0,0,2
-1002116123455,6973816633,3,2,0,70
-1001924915787,6797627228,0,0,0,1
-1002116123455,7269023691,0,0,0,18
-1001658426127,1042134381,0,0,0,2
-1002116123455,7336839412,0,1,0,67
-1002116123455,7789360891,0,0,0,6
-1001658426127,7160870058,0,0,0,3
-1002116123455,6792709654,0,0,0,9
-1002116123455,6714215133,0,1,0,34
-1002116123455,7296527601,0,0,0,45
-1001924915787,6606580490,0,0,0,6
-1001924915787,1246088649,0,0,0,1
-1002116123455,5940043106,0,0,0,1
-1002116123455,6442854837,0,0,0,13
-1001924915787,7079071500,0,0,0,5
-1001924915787,5573956319,0,0,0,2
-1001924915787,7597871897,0,0,0,10
-1001924915787,7389820384,0,0,0,1
-1002116123455,6850551990,2,0,0,29
-1002171171664,6362748308,0,0,0,23
-1001924915787,6335549194,0,0,0,9
-1001924915787,6990452992,0,0,0,11
-1001658426127,1988698848,0,0,0,1
-1002421435103,1087968824,0,0,0,1
-1002116123455,1934047645,0,0,0,7
-1001658426127,6263838898,1,0,0,29
-1001924915787,6895875843,0,0,0,3
-1002056199659,7211044025,0,0,0,9
-1002116123455,6893019833,0,0,0,1
-1001658426127,5314446323,0,0,0,1
-1002116123455,7369787156,0,0,0,11
-1002421435103,6049491665,0,0,0,20
-1002116123455,6943523727,0,0,0,10
-1002116123455,2032105883,0,0,0,4
-1002116123455,7819841132,0,0,0,5
-1002116123455,7014134955,0,0,0,1
-1002116123455,1201122450,0,0,0,3
-1002421435103,7369787156,0,0,0,11
-1001924915787,7060345685,0,0,0,64
-1001924915787,5445068032,0,0,0,1
-1001924915787,6657694120,0,0,0,9
-1001924915787,7467328941,0,0,0,75
-1002116123455,1979655063,0,0,0,6
-1002116123455,6459543189,0,0,0,17
-1001658426127,6603184258,0,0,0,4
-1002421435103,5110578442,0,0,0,6
-1002116123455,5583247193,0,0,0,8
-1002116123455,5573557963,0,0,1,8
-1001924915787,6763082719,0,0,0,4
-1002116123455,7293864410,0,0,0,1
-1001924915787,6199547933,0,0,0,1
-1002116123455,7433461539,0,0,0,12
-1002116123455,6294868615,0,0,0,3
-1001924915787,6820061370,0,0,0,11
-1001924915787,6276985857,0,0,0,1
-1002116123455,7385174740,0,0,0,15
6903559763,6903559763,0,0,0,1
-1002222981708,6903559763,0,0,0,3
-1002116123455,1072850015,0,0,0,3
-1002116123455,7271467755,0,0,0,2
-1002116123455,6792693279,0,0,0,1
-1001658426127,973454343,0,0,0,110
-1002116123455,6988695886,0,0,0,4
-1002116123455,7520122849,0,0,0,1
-1002116123455,6383326893,0,0,0,18
-1001924915787,1528240466,0,0,0,1
-1001924915787,5395233003,0,0,0,1
-1002116123455,7611624912,0,0,0,2
-1001924915787,7238977388,0,0,0,2
-1002116123455,742215750,0,0,0,2
-1001658426127,7308276492,0,0,0,7
-1002116123455,7280670430,0,0,0,4
-1002116123455,1984975457,0,0,0,1
-1002202960784,7339653656,0,0,0,2
-1002116123455,6172028832,0,0,0,1
-1001924915787,1881870758,0,0,0,1
-1001924915787,847429011,0,0,0,9
-1001658426127,1738948070,0,0,0,1
-1002116123455,2001179702,0,0,0,1
-1002116123455,2039810590,0,0,0,18
-1001658426127,6897751996,0,0,0,1
-1001924915787,5084028461,0,0,0,37
-1002116123455,7340764766,0,0,1,2
-1002116123455,5001561636,0,0,0,1
-1001658426127,5340123287,0,0,0,4
-1002116123455,7318344595,0,0,0,38
-1001924915787,6922036227,0,0,0,1
-1001924915787,1106821343,0,0,0,16
-1001658426127,1991786427,1,0,0,4
-1001924915787,7468419097,0,0,0,4
-1001924915787,6958525097,0,0,0,195
-1002116123455,7881147333,0,0,0,6
-1002116123455,7484682400,0,0,0,1
-1002306198930,5884884039,0,0,0,3
-1002116123455,5586493394,0,0,0,375
-1001924915787,7526865154,0,0,0,37
-1002116123455,1119598883,0,0,0,4
-1002116123455,7265082827,0,0,0,3
-1002116123455,7319408068,0,0,0,1
-1002116123455,5197794070,0,0,0,1
-1002116123455,148045455,0,0,0,2
-1001924915787,6590134831,0,0,0,7
-1002116123455,7400992297,0,0,0,72
-1002116123455,6810542365,0,0,0,1
-1002116123455,6447896684,0,0,0,3
-1001924915787,7817680244,0,0,0,8
-1001924915787,6691101686,0,0,0,2
-1001924915787,7156943561,0,0,0,10
-1001924915787,7176940737,0,0,0,1
-1001924915787,7451349797,0,0,0,12
-1001924915787,6994997783,0,0,0,11
-1001924915787,6599729397,0,0,0,10
-1001658426127,1124456102,0,0,0,27
-1001658426127,6632739304,0,0,0,6
-1001924915787,7390641135,0,0,0,2
-1001924915787,6660946831,0,0,0,2
-1001924915787,6318787382,0,0,0,1
-1001924915787,6833490984,0,0,0,1
-1002116123455,7643034378,0,0,0,5
-1002116123455,7002091692,3,1,0,103
-1002116123455,2087326131,0,0,1,8
-1001658426127,1411815094,0,0,0,9
-1001924915787,5890103698,0,0,0,3
-1002421435103,7517808727,0,0,0,3
-1002421435103,6993089669,0,0,0,5
-1002116123455,6806383757,0,0,0,1
-1002116123455,7432834121,0,0,0,1
-1002116123455,6666503237,0,0,0,1
-1001658426127,6755936858,0,0,0,22
-1002116123455,903693883,0,0,0,3
-1001658426127,6609584939,0,0,0,2
-1001924915787,1910709492,0,0,0,13
-1001658426127,1219730330,0,0,0,25
-1001924915787,6000445827,0,0,0,15
-1001658426127,5871442269,0,0,0,1
-1001658426127,6813554983,0,0,0,8
-1001658426127,6526407516,0,0,0,1
-1001658426127,5937724685,0,0,0,1
-1001658426127,6234180910,0,0,0,1
-1001658426127,5827342497,0,0,0,1
-1001658426127,6409612080,0,0,0,1
-1001924915787,861442057,0,0,0,2
-1001658426127,801353304,0,0,0,1
-1001658426127,5052735804,0,0,0,1
-1001658426127,5344297033,0,0,0,1
-1001924915787,6938725867,0,0,0,6
-1001658426127,6436920553,0,0,0,1
-1001658426127,1087128721,0,0,0,1
-1001658426127,1659604124,0,0,0,2
-1002116123455,6320913136,0,0,0,1
-1001924915787,6910800599,0,0,0,1
-1002116123455,7080343192,0,0,0,2
-1001924915787,1423346596,0,0,0,3
-1001658426127,6256108433,0,0,0,239
-1002116123455,5979847343,0,0,0,1
-1002116123455,6189977015,0,0,0,5
-1002116123455,6378288016,0,0,0,7
-1002056199659,6378288016,0,0,0,1
-1002116123455,6538546081,0,0,0,1
-1002116123455,6232205652,0,0,0,1
-1001924915787,5021976820,0,0,0,1
-1001658426127,6736614517,0,0,0,1
-1002116123455,5015573579,0,0,0,2
-1002116123455,7095341768,0,0,0,51
-1001924915787,5752293560,0,0,0,31
-1002116123455,6566038110,0,0,0,10
-1002116123455,5786772495,0,0,0,1
-1002116123455,416745502,0,0,0,2
5493268032,5493268032,0,0,0,1
-1001764886212,1991460871,0,0,0,4
-1001924915787,5747221373,0,0,0,1
-1001658426127,6609196087,0,0,0,1
-1002116123455,6041888802,0,0,0,3
-1001658426127,1710445288,0,0,0,126
-1001924915787,6157630417,0,0,0,6
-1002116123455,6527765103,0,0,0,1
-1001924915787,7263474934,0,0,0,1
-1001764886212,5898527875,0,0,0,16
-1002116123455,7378585842,0,0,0,23
-1002116123455,5868087183,0,0,0,2
-1002116123455,6345675190,0,0,0,5
-1001658426127,7347293631,0,0,0,1
-1002116123455,6618981072,0,0,0,12
-1002116123455,5101490257,0,0,0,1
-1001658426127,6663367375,0,0,0,2
-1001924915787,7538288028,0,0,0,14
-1002116123455,1774683019,0,0,0,1
-1001924915787,939035166,0,0,0,1
-1001924915787,5001862795,0,0,0,7
-1002116123455,537709761,0,0,0,1
-1001924915787,7097506462,0,0,0,2
-1002116123455,7415341577,0,0,0,1
-1001924915787,6531987226,0,0,0,27
880006786,880006786,0,0,0,1
-1002116123455,6970095599,0,0,0,20
-1002116123455,2097945055,0,0,0,5
-1002116123455,7538288028,0,0,0,1
-1002116123455,6102922840,0,0,0,1
-1002116123455,6422663998,0,0,0,1
-1002116123455,5220220772,0,0,0,1
5509668267,5509668267,0,0,0,1
-1002347041594,5509668267,0,0,0,1
-1001924915787,5898850930,0,0,0,30
-1001924915787,7340565821,0,0,0,5
-1001658426127,5337680050,0,0,0,2
-1001924915787,1191926498,0,0,0,1
-1002116123455,6205099513,0,0,0,15
-1001924915787,6288375638,0,0,0,1
-1001924915787,7002091692,0,0,0,1
-1001658426127,6365071604,0,0,0,1
-1002116123455,6175186094,0,0,0,1
-1002116123455,6650951205,0,0,0,13
-1002116123455,1891293006,0,0,0,2
-1001658426127,6524257031,0,0,0,7
-1002116123455,7616784154,0,0,0,1
-1001658426127,7425484706,0,0,0,26
-1002347041594,1087968824,0,0,0,1
-1002220476395,1279044203,0,0,0,14
-1001658426127,1346601334,0,0,0,18
-1002220476395,2025435317,0,0,0,8
-1002220476395,6621860024,0,0,0,5
-1001658426127,7378190800,0,0,0,23
-1002220476395,1403346589,0,0,0,8
-1001658426127,7488578983,0,0,0,1
-1002220476395,6634476697,0,0,0,3
-1001658426127,5819014415,0,0,0,2
-1001924915787,6269942376,0,0,0,103
-1001924915787,1068275852,0,0,0,20
-1001924915787,5429151376,0,0,0,1
-1001658426127,7567848270,0,0,0,1
-1001924915787,6482557006,0,0,0,2
-1001658426127,6634476697,0,0,0,17
-1001924915787,7123914467,0,0,0,54
-1001658426127,5464673359,0,0,0,48
-1002436229274,7084938423,0,0,0,532
-1002436229274,6795269965,0,0,0,13
-1002436229274,1279044203,0,0,0,129
-1002436229274,6482557006,0,0,0,300
-1002436229274,1398600688,0,0,0,118
-1002436229274,7154626474,0,0,0,236
-1002436229274,1403346589,0,0,0,10
-1001924915787,1706042239,0,0,0,2
-1002436229274,2025435317,0,0,0,2
-1001658426127,6626240562,0,0,0,84
-1001924915787,6297515871,0,0,0,6
-1001924915787,6518741238,0,0,0,2
-1001924915787,6416091412,0,0,0,2
-1001924915787,1829588176,0,0,0,2
-1001658426127,1894084879,0,0,0,1
-1002436229274,6621860024,0,0,0,85
-1002436229274,6902345281,0,0,0,47
-1002436229274,1663114819,0,0,0,44
-1002436229274,6378288016,0,0,0,37
-1001658426127,7401050262,0,0,0,188
-1002436229274,7233665219,0,0,0,2
-1002436229274,7376369078,0,0,0,18
-1002436229274,6634476697,0,0,0,125
-1002436229274,5531964305,0,0,0,5
-1002436229274,1054689063,0,0,0,1
-1002436229274,5767610393,0,0,0,77
-1002436229274,1284214799,0,0,0,1
-1001658426127,7459354247,0,0,0,9
-1002436229274,6865836118,0,0,0,1
-1001658426127,1076349912,0,0,0,1
-1002436229274,1932494758,0,0,0,60
-1001658426127,1022759886,0,0,0,2
-1002436229274,7038731182,0,0,0,1
-1002436229274,7321342428,0,0,0,3
-1002436229274,7223105366,0,0,0,1
-1002436229274,1281784547,0,0,0,43
-1002436229274,7208565521,0,0,0,57
-1002436229274,6345675190,0,0,0,1
-1001658426127,6079883173,0,0,0,1
-1002436229274,7175462797,0,0,0,11
-1002436229274,1676254867,0,0,0,4
-1001924915787,7571830791,0,0,0,1
-1002436229274,6506905923,0,0,0,5
-1002436229274,5854014201,0,0,0,51
-1002436229274,1709658966,0,1,0,17
-1002436229274,7106579299,0,0,0,1
-1002436229274,1276496081,0,0,0,5
-1002436229274,931020687,0,0,0,1
-1002436229274,7369787156,0,0,0,22
-1002436229274,7056414576,1,0,0,51
-1002436229274,6435672508,0,0,0,3
-1002436229274,36448983,0,0,0,2
-1002436229274,6626437293,0,0,0,1
-1002436229274,1573701619,1,0,0,57
-1002436229274,7873547914,0,0,0,2
-1002436229274,7060341858,0,0,0,39
-1002436229274,7197561033,0,0,0,1
-1002436229274,6031123478,0,0,0,4
-1001924915787,5737326459,0,0,0,1
5385558946,5385558946,0,0,0,1
-1002436229274,1483767887,0,0,0,18
-1002436229274,154886071,0,0,0,2
-1002436229274,6967784711,0,0,0,2
-1002436229274,1681096019,0,0,0,1
-1002436229274,6893370111,0,0,0,4
-1002436229274,7179680477,0,0,0,4
-1002436229274,7045588478,0,0,0,1
-1002436229274,7105260694,0,0,0,12
-1002436229274,6149741271,0,0,0,41
-1001658426127,6865077399,0,0,0,1
-1002436229274,6217462934,0,0,0,10
-1002436229274,6346880710,0,0,0,1
-1001658426127,538530789,0,0,0,1
-1001924915787,326259614,0,0,0,3
-1002436229274,6192924978,0,0,0,3
-1002436229274,6177869085,0,0,0,1
-1001924915787,6475861174,0,0,0,15
-1001924915787,5333711433,0,0,0,3
-1001924915787,7318628572,0,0,0,38
-1002436229274,6920914684,0,0,0,3
-1001924915787,6282345455,0,0,0,14
-1001924915787,7605271286,0,0,0,363
-1002436229274,1923415234,0,1,0,6
-1001924915787,1659292052,0,0,0,233
-1002436229274,6573651762,0,0,0,2
-1002436229274,1707694863,0,0,0,2
-1002436229274,5224796448,0,0,0,386
-1001924915787,8114771364,0,0,0,1
-1002436229274,6602052873,0,0,0,2
-1002436229274,7187073534,0,0,0,5
-1002421435103,6427538672,0,0,0,10
-1002436229274,5040082950,0,0,0,1
-1001924915787,1403777790,0,0,0,42
-1001924915787,6930871713,0,0,0,1
-1001924915787,6924443594,0,0,0,26
-1001924915787,1855446813,0,0,0,2
-1001658426127,5822260019,0,0,0,1
-1001924915787,5877531355,0,0,0,5
-1002436229274,7025215554,0,0,0,14
-1002436229274,1849015742,0,0,0,25
-1002436229274,986742064,0,0,0,66
-1002436229274,7271467755,0,0,0,6
-1002436229274,7165098414,0,0,0,31
-1002436229274,5236279917,0,0,0,3
-1002436229274,2004871629,0,0,0,4
-1001924915787,7265082827,0,0,0,3
-1002436229274,6382204697,0,0,0,6
-1002436229274,6323754593,0,0,0,5
-1002436229274,1087968824,0,0,0,4
-1002436229274,6514831037,0,0,0,3
-1001924915787,1348984830,0,0,0,11
-1002436229274,1848491526,0,0,0,9
-1001658426127,6683680051,0,0,0,13
-1002436229274,1622567435,0,0,0,1
-1001924915787,5023721275,0,0,0,3
-1002436229274,7398667386,0,0,0,10
-1002436229274,5647668926,0,0,0,5
-1002436229274,5077809165,0,0,0,10
-1002436229274,2001066886,0,0,0,9
-1002436229274,7519644626,1,0,0,203
-1001658426127,7337822984,0,0,0,2
-1001924915787,7870519027,0,0,0,31
-1002436229274,7261916199,0,0,0,2
-1002436229274,804383862,0,0,0,1
-1002436229274,6714215133,0,0,0,3
-1002436229274,6605689930,0,0,0,3
-1001924915787,6457571211,0,0,0,25
-1002436229274,6281821756,0,0,0,12
-1001924915787,6965654567,0,0,0,48
-1001658426127,376680458,0,0,0,1
-1002056199659,7159988653,0,0,0,31
-1002056199659,6634476697,0,0,0,3
-1001658426127,957728418,0,0,0,1
-1002436229274,7647180247,0,0,0,40
-1002436229274,6390599167,0,0,0,1
-1002436229274,6170934398,0,0,0,2
-1002436229274,7269484097,0,0,0,1
-1001658426127,1199360101,0,0,0,1
-1002436229274,8085346530,0,0,0,5
-1002436229274,7002091692,0,0,0,14
-1001658426127,5101974618,0,0,0,6
-1002436229274,5730921165,0,0,0,6
-1002436229274,7130914163,0,0,0,1
-1002436229274,5519015658,0,0,0,1
-1001924915787,5444932908,0,0,0,9
-1002436229274,6458187227,1,0,0,50
-1002436229274,1343403976,0,0,0,1
-1001924915787,5955316448,0,0,0,3
-1002421435103,7289993899,0,0,0,12
-1002436229274,5165753219,0,0,0,10
-1002436229274,5635577924,0,0,0,2
-1002421435103,7391073138,0,0,0,14
-1002171171664,1802068983,0,0,0,52
-1001924915787,6679332115,0,0,0,1
-1001924915787,6743152476,0,0,0,2
-1001924915787,1372679750,0,0,0,3
-1001658426127,6588077624,0,0,0,1
-1002436229274,1651549216,0,0,0,2
-1001658426127,874919671,0,0,0,2
-1002436229274,6833889183,0,0,0,4
-1002436229274,7206268934,0,0,0,8
-1001924915787,7570707930,0,0,0,1
-1002436229274,5645906770,0,0,0,7
-1001924915787,6585422363,0,0,0,1
-1001658426127,8010449867,0,0,0,1
-1001658426127,6631388088,0,0,0,1
-1002436229274,6095042314,0,0,0,1
-1002436229274,6538284321,0,0,0,13
-1002436229274,6563663261,0,0,0,3
-1002436229274,7223845739,0,0,0,3
-1002436229274,7515569883,0,0,0,1
-1002436229274,6005557111,0,0,0,4
-1002436229274,7269023691,0,1,1,4
-1002436229274,5640681785,0,0,0,2
-1001924915787,912742348,0,0,0,1
-1001924915787,5616530251,0,0,0,6
-1002436229274,6745129817,0,0,0,13
-1002436229274,6692761916,0,0,0,1
-1001658426127,7167293603,0,0,0,2
-1002436229274,1674167614,0,0,0,12
-1002436229274,7400797809,0,0,0,1
-1001658426127,6432244069,0,0,0,6
-1001924915787,1167055734,0,0,0,17
-1001924915787,7417091227,0,0,0,1
-1001924915787,2014056737,0,0,0,9
-1002436229274,6703318938,0,0,0,31
-1002436229274,5481126315,0,0,0,17
-1002171171664,7605271286,0,0,0,20
-1001924915787,2115489772,0,0,0,11
-1001924915787,5540911447,0,0,0,1
-1001924915787,6634476697,0,0,0,5
-1002436229274,5015573579,0,0,0,1
-1002436229274,2089286449,0,0,0,1
-1002436229274,1379822222,0,0,0,1
-1002436229274,6139805645,0,0,0,5
1272498895,1272498895,0,0,0,1
-1002436229274,6538546081,0,0,0,1
-1002436229274,777000,0,0,0,2
-1001924915787,6994139387,0,0,0,18
-1001924915787,7171069477,0,0,0,1
-1001658426127,5173183120,0,0,0,1
-1002436229274,7505740359,0,0,0,1
-1001924915787,5840952974,0,0,0,1
-1001658426127,5805018823,0,0,0,1
-1001924915787,6202960816,0,0,0,3
-1001924915787,6913570428,0,0,0,20
-1001658426127,728042652,0,0,0,1
-1002436229274,5876650729,0,0,0,1
-1002436229274,1199614719,0,1,0,1
-1002436229274,6970956826,0,0,0,13
-1002436229274,6459543189,0,0,0,9
-1001924915787,7109622226,0,0,0,1
-1001924915787,1647353027,0,0,0,1
-1001924915787,7075046117,0,0,0,3
-1002436229274,6840837015,0,0,0,6
-1001658426127,1065799767,0,0,0,2
-1002436229274,6492534284,0,0,0,34
-1001658426127,7420432163,0,0,0,1
-1002436229274,7528753004,0,0,0,1
-1001924915787,5956900627,0,0,0,10
-1001924915787,7669504857,0,0,0,2
-1002496742299,5767610393,0,0,0,11
-1002496742299,1739863156,0,0,0,13
-1002496742299,5040017147,0,0,0,5
-1002496742299,7456910310,0,0,0,1
-1001924915787,7995161088,0,0,0,1
-1001924915787,7662059193,0,0,0,1
-1001924915787,7033232600,0,0,0,4
-1002056199659,6007262400,0,0,0,2
